gene_id,log2fc,pvalue,qvalue,evidence
WBGene00000001,-0.030310644000000053,0.479443549494182,0.5532581722168932,False
WBGene00000036,0.06706519228888919,0.18197388582008847,0.23908755949984914,False
WBGene00000038,-0.027924948822220408,0.675114512251422,0.7288273266692307,False
WBGene00000068,-0.11975029515555846,0.04738212649103352,0.0718491975885229,False
WBGene00000069,-0.0061910296222214,0.8575194539257004,0.8798798047451449,False
WBGene00000071,0.009114320511110385,0.9033775408077779,0.9209302132327994,False
WBGene00000090,0.043333032933333016,0.26922346631704036,0.3363156634785885,False
WBGene00000108,2.823095190666666,1.1615296864061048e-09,1.0629347246530286e-08,True
WBGene00000109,0.024892715999998316,0.8325688587254209,0.8576331044723904,False
WBGene00000111,0.2452754342222203,0.004367632070834815,0.008550563282952735,False
WBGene00000123,0.188230321999999,0.0003679425647279625,0.00089373703222502,False
WBGene00000138,-0.10791696377777527,0.08219672285718232,0.11804529359234031,False
WBGene00000181,0.14685064364444322,0.0032430701736515057,0.006578083058411688,False
WBGene00000196,0.2027661072888911,0.00045697963360266474,0.0010898271868039309,False
WBGene00000198,-0.10474857755555611,0.021552054609012113,0.036633837963914756,False
WBGene00000206,0.12367577800000085,0.015948357416808834,0.02783006050338925,False
WBGene00000211,-0.24886639626666707,0.002132556597572541,0.004428290349049049,False
WBGene00000212,-0.2989685413555545,8.266751929014299e-05,0.00022434254372876735,False
WBGene00000216,-0.12625851444444258,0.006600279195657148,0.012486585882168692,False
WBGene00000240,-0.31510764682222003,2.0776829506554376e-05,6.412299930062076e-05,False
WBGene00000253,-0.1945658367777785,0.002463368781653604,0.0050883759348067875,False
WBGene00000269,-0.6257672234888894,1.1044391582261498e-09,1.0225807264987999e-08,True
WBGene00000279,-0.65824051111111,9.066888107429308e-09,6.428505351844023e-08,True
WBGene00000280,0.2480874276888887,2.039988931204568e-05,6.320753105740139e-05,False
WBGene00000281,-1.289100148666666,6.0991109555298255e-15,4.36363665636543e-13,True
WBGene00000283,-1.5754710474000024,7.833166973759822e-15,4.875254902489805e-13,True
WBGene00000284,-0.09076836346666717,0.24846650093573677,0.3133704106352962,False
WBGene00000298,-0.691782366,5.864204147843345e-06,2.02417923875119e-05,True
WBGene00000391,-1.293540314977779,3.7158239454012014e-07,1.7303866538643465e-06,True
WBGene00000392,0.1521325982222237,0.06672408781955462,0.0976726396817481,False
WBGene00000481,-0.4118025201333335,0.00021894764921993456,0.0005494560601910514,False
WBGene00000497,-0.1555603085777797,0.0016092607847691138,0.0034509216283740945,False
WBGene00000509,-0.4548553211111148,1.0057243006469652e-10,1.1992500372866087e-09,False
WBGene00000511,0.10918638757777543,0.06872639653616339,0.10033893549412991,False
WBGene00000512,0.2365084004222222,0.018409726803470864,0.031772927619148184,False
WBGene00000513,-0.06191469108888903,0.45210514501304877,0.5269527668664273,False
WBGene00000514,0.12223334451111256,0.03765045853018238,0.05914353465719268,False
WBGene00000536,0.10405930479999803,0.1279806715674652,0.1739564568628586,False
WBGene00000761,-0.012007691422221356,0.8288348419300415,0.8549056626460586,False
WBGene00000765,0.21757605999999896,0.0059021158171211965,0.011219722579889811,False
WBGene00000766,0.03392510222222178,0.44154403953526955,0.5170876195035287,False
WBGene00000775,-0.15624928891110912,0.02369205952719406,0.03949713375521722,False
WBGene00000830,0.6809805513333309,4.068389324452722e-09,3.2018223983442916e-08,True
WBGene00000907,0.06760339035555507,0.10715706842630134,0.15017821822741245,False
WBGene00000913,-0.30825851022222217,4.923988146248339e-07,2.227114178791634e-06,False
WBGene00000929,1.0409972402888918,2.157428975910793e-09,1.7872595832018885e-08,True
WBGene00000960,0.062068710399998395,0.2651957311790132,0.3318108750999736,False
WBGene00000964,-0.3959039656666654,1.870621846709224e-06,7.252115238227385e-06,False
WBGene00000967,-0.46350847488889,2.8125021075430712e-06,1.0391733139138014e-05,False
WBGene00000976,-0.023740230888888547,0.8244384054423741,0.852605814826739,False
WBGene00000982,0.1693588330888911,0.05662884307300533,0.08424744706702304,False
WBGene00000984,-0.017515957066667198,0.7395332216081014,0.7832117448639617,False
WBGene00000988,0.11027116362221889,0.05595717355919565,0.08340586286190715,False
WBGene00000991,-0.8807571462888895,7.398242035133506e-12,1.293870329255571e-10,True
WBGene00001002,0.0486615022222221,0.19509675722798026,0.2542071985735438,False
WBGene00001033,-0.03260056777777898,0.5560021687094453,0.6259363798520037,False
WBGene00001095,0.26954124095555443,0.009156987547261021,0.016759416743475405,False
WBGene00001134,0.060720266222224595,0.6689969941893117,0.7252074854366231,False
WBGene00001149,-1.317910437266665,1.0716024194370752e-10,1.2587329911895198e-09,True
WBGene00001150,0.35795849991110806,1.8987484422809865e-06,7.307538207503111e-06,False
WBGene00001152,0.08193061591111395,0.22900783497556434,0.2925798151392356,False
WBGene00001153,-0.17446805642222074,0.00021757991004127,0.0005488313756489727,False
WBGene00001154,0.07516879955555567,0.4587177802120641,0.5324644439924697,False
WBGene00001156,0.7946965492888882,6.977780911359019e-09,5.038085850678484e-08,True
WBGene00001157,-0.519254348422221,0.019656985984238415,0.03365520358858102,False
WBGene00001158,0.724328822333332,0.008504215441077148,0.01563742418721429,True
WBGene00001239,-0.06780036088889041,0.15652992362419083,0.208441708785513,False
WBGene00001240,-0.17090087482222138,0.05187086003546745,0.07775688923411979,False
WBGene00001241,-0.5322419402222209,8.678259914873434e-08,4.553193702003595e-07,False
WBGene00001242,-0.18733330555555483,0.0042390882041311116,0.008382317629776847,False
WBGene00001243,-0.38276746888889157,0.006096845803421831,0.011561970234440916,False
WBGene00001244,0.6401333715333344,0.0016199616045856377,0.0034644287576328717,True
WBGene00001245,0.0030131994222228897,0.957539673505697,0.9661329782679277,False
WBGene00001247,0.08037183626666611,0.1683644448662895,0.22194776902809016,False
WBGene00001336,0.2784022924444436,1.4054113201287221e-08,9.29461099950676e-08,False
WBGene00001337,0.23951926444444638,0.11306069311962841,0.1569290396563449,False
WBGene00001338,0.13217394773333524,0.013646240540106666,0.02413391304508752,False
WBGene00001394,-0.0646426077777793,0.12165480699940606,0.16679848973611947,False
WBGene00001395,-1.0560959786444446,6.36119441159224e-08,3.5255352126218966e-07,True
WBGene00001397,0.10316149422222054,0.07438882791793489,0.10722345709050321,False
WBGene00001398,0.06195018044444289,0.2912407799925869,0.3619143563944818,False
WBGene00001399,-2.5432114958222236,6.125265598554283e-12,1.0955872786505047e-10,True
WBGene00001405,0.08967551628889048,0.11986923216313101,0.16492497502165054,False
WBGene00001406,0.31015472706666714,0.0001490899128650356,0.00038724013671545554,False
WBGene00001477,0.8940598728888896,2.3172633171137845e-10,2.5685721557303498e-09,True
WBGene00001478,-0.9834951576000002,2.5510056599791187e-11,4.097227457966462e-10,True
WBGene00001480,0.16679685864444593,0.03830172161175121,0.059927345742441754,False
WBGene00001498,0.3921965764444444,2.5126122520452127e-08,1.5210968018150633e-07,False
WBGene00001500,1.2471668644666671,1.8330938081720932e-08,1.1609275501833206e-07,True
WBGene00001508,-0.09997691055555613,0.2365309786373411,0.30121339836179195,False
WBGene00001522,0.0589894081777782,0.2218460470410672,0.28435315801517896,False
WBGene00001523,-0.4798050219333323,5.0074454685477805e-08,2.855695350541379e-07,False
WBGene00001528,0.1750841543555559,0.01930915695769341,0.033252311872439204,False
WBGene00001529,-0.13596124033333457,0.3500866638563819,0.42518241428236503,False
WBGene00001530,0.02513015908889038,0.7404187270378495,0.7832117448639617,False
WBGene00001531,0.02318024482222203,0.7755174493550437,0.810534173495909,False
WBGene00001532,-0.015710640422222255,0.7821129615849072,0.8163433697179336,False
WBGene00001535,0.004367841133333883,0.9640857907839097,0.9702500221827838,False
WBGene00001536,0.18228475446666614,0.00032049790981762363,0.0007833287423182291,False
WBGene00001538,-0.08506740204444618,0.15008158143598502,0.2015600760923553,False
WBGene00001540,0.12609150684444437,0.03546670380510276,0.05616156115616875,False
WBGene00001541,0.2294742815333315,0.0017482940156230001,0.003718668622419733,False
WBGene00001542,0.06912572673333273,0.12084566667199069,0.16597825422488074,False
WBGene00001543,-0.929543038666667,1.7682825853970124e-07,8.863938819792668e-07,True
WBGene00001544,0.13701070873333165,0.2409207385280282,0.3063079502771538,False
WBGene00001545,-0.07710647006666704,0.7096384216735292,0.7598441331388673,False
WBGene00001546,0.5036724746000001,1.0369391401359919e-06,4.272623577418982e-06,False
WBGene00001547,0.38843803826666523,2.641982488825578e-05,7.936031369105838e-05,False
WBGene00001548,-0.6644776904666649,6.125132465201994e-11,8.456981140550824e-10,True
WBGene00001549,-0.1513761620666667,0.006674546863710245,0.01256667076971283,False
WBGene00001553,0.02181991628888902,0.7347621919472822,0.7805495224382766,False
WBGene00001554,0.18359281640000003,0.0008293529077777585,0.001902917604726227,False
WBGene00001555,-0.8366823323333348,0.001451196651498941,0.0031512626702956165,True
WBGene00001556,-0.03013486426666656,0.7253224022830165,0.7724340062202083,False
WBGene00001557,-0.12150373431111205,0.007898545763598134,0.014626248272827604,False
WBGene00001603,0.21073396913333298,0.0009661121315755876,0.002191153451152702,False
WBGene00001606,-0.17873938600000017,1.2067748015118934e-05,3.9407957211197516e-05,False
WBGene00001638,0.022715095044446798,0.7359183553357068,0.7805495224382766,False
WBGene00001639,-0.35852883526666446,2.0907389866886823e-05,6.427388994234348e-05,False
WBGene00001645,-0.17635977155555516,0.0010615562282712417,0.0023937488742738666,False
WBGene00001646,-0.13822363208888788,0.14532231228230605,0.19650972468414926,False
WBGene00001684,0.4618900277777769,6.580948920809501e-08,3.621822937536418e-07,False
WBGene00001759,-0.028909082399999342,0.7122612574525253,0.7616163174118715,False
WBGene00001790,-0.29176822651111145,0.010630103963951748,0.019101062987788412,False
WBGene00001791,-0.35071431368888817,2.890446571247756e-05,8.616596407469636e-05,False
WBGene00001793,0.22557775911110944,0.0019367380727799137,0.004086361563747432,False
WBGene00001794,-0.2513053883111098,0.004907652681919097,0.009466477109486102,False
WBGene00001823,0.17324219500000382,0.13851583038999235,0.18762815579504988,False
WBGene00001839,-0.09772349591111151,0.0384767376431982,0.060081731200787664,False
WBGene00001843,-0.3795342852000001,8.684688322609388e-07,3.6355583563263767e-06,False
WBGene00001993,-0.47344734191111115,6.293724879915552e-05,0.00017502337386902968,False
WBGene00002010,0.22898315088888666,0.0043197219700005915,0.008477858330150788,False
WBGene00002044,-0.0653374055555549,0.1590070261823653,0.21102618820492663,False
WBGene00002146,-0.4958389010666675,0.0003997934798949208,0.0009592605752356788,False
WBGene00002152,0.24604172688889037,0.0013067809208338462,0.002904145123302478,False
WBGene00002183,0.16610325488888655,0.010329065754291936,0.018644437496852646,False
WBGene00002250,0.02754594333333138,0.5342723041594997,0.604582380529144,False
WBGene00002262,-0.10957337155555535,0.022635087524573504,0.037901731663487974,False
WBGene00003031,-0.10505560348888832,0.06430558455984621,0.09512875009135144,False
WBGene00003040,-0.07531569555555606,0.24560934428689418,0.31121879145335735,False
WBGene00003047,-0.052015939555555946,0.407798409484568,0.48333937991619735,False
WBGene00003220,0.2139080714222228,0.0008732317617549592,0.0019919808594236316,False
WBGene00003384,0.11875283195555575,0.09023632237712827,0.12749728134793528,False
WBGene00003385,0.3883221812666662,0.0019133943490066904,0.004047960625452326,False
WBGene00003415,0.07917341733333494,0.6545925704264994,0.7133044333274859,False
WBGene00003475,0.1526377750666672,0.01245221000108036,0.022272475615568735,False
WBGene00003579,-0.09132771600000211,0.19441022216155918,0.25373274434684423,False
WBGene00003583,0.2048468202888909,0.008160801927585672,0.015041103318524414,False
WBGene00003773,-0.2152496073333321,0.03613007497072825,0.057080542980294,False
WBGene00003778,2.561701647755555,6.648551772834222e-18,1.3081025613051331e-15,True
WBGene00003816,-0.6023726474000002,8.02864047935401e-08,4.2660533047532983e-07,True
WBGene00003831,0.22226325735555363,0.0008707415890793614,0.0019919808594236316,False
WBGene00003844,0.7484066359333319,1.5412129922674265e-09,1.3184072009939833e-08,True
WBGene00003906,-0.06298948520000014,0.16318041239577208,0.21620031069944887,False
WBGene00003960,0.023505432000000326,0.5251153483527514,0.5972048831699645,False
WBGene00004023,-0.8037064475111109,4.9415505892709285e-09,3.739423378611751e-08,True
WBGene00004026,-0.7677690524444447,4.444019689617492e-10,4.490942932569224e-09,True
WBGene00004037,0.24790090633333328,2.1804056764950554e-06,8.289754914983617e-06,False
WBGene00004038,0.07156368924444223,0.06571644620535677,0.09667073488526313,False
WBGene00004039,-0.009509103799999252,0.8122233290832858,0.8421867720534201,False
WBGene00004050,0.014790076222222837,0.7510181370888455,0.7912332983787435,False
WBGene00004052,-1.5949466406444444,5.91506217139607e-12,1.0825939369508623e-10,True
WBGene00004087,-0.08699498266666694,0.03454402380351022,0.05481077970435996,False
WBGene00004089,-0.1287521950888859,0.0038329541808287096,0.007656180051553793,False
WBGene00004092,0.4212085027111101,3.2352185475268985e-05,9.469848832359557e-05,False
WBGene00004180,0.13881067844444672,0.004132719856425367,0.008192570596994367,False
WBGene00004248,0.3557796153333346,2.9053044158520502e-08,1.7321777085420935e-07,False
WBGene00004259,0.9218787803333335,1.2090586530704247e-12,2.571700432341687e-11,True
WBGene00004411,0.0532850819333337,0.3930613303426779,0.4694070819115136,False
WBGene00004680,-0.05603363822222285,0.18897089244763776,0.2478668205938182,False
WBGene00004802,0.15614586179999979,0.009944430652775612,0.018032873096162225,False
WBGene00004803,0.19042821004444477,0.01324220468765081,0.0235783146814054,False
WBGene00004875,-1.1573343613111131,3.4068062705735904e-11,5.156070259502722e-10,True
WBGene00004893,0.3606858375777797,4.745923111728496e-07,2.1589835196129055e-06,False
WBGene00004894,-0.8268011382666671,1.898308999392797e-05,5.928449136992584e-05,True
WBGene00004932,2.9096359602222233,4.533988618646294e-11,6.487725532499333e-10,True
WBGene00004933,0.8559761184444454,4.5094660933157304e-07,2.0754092487950172e-06,True
WBGene00004959,0.10949319035555938,0.15363692639876783,0.2053086661128502,False
WBGene00004981,-0.01902370933333053,0.4581397720061167,0.5324644439924697,False
WBGene00005662,0.3965944041555556,1.9034883513826398e-06,7.307538207503111e-06,False
WBGene00006351,-0.1218905622666675,0.04015674313505234,0.06197612175950164,False
WBGene00006418,-0.9525793202000008,1.635003008638136e-09,1.3835993202131324e-08,True
WBGene00006448,-0.0008758649777789174,0.9877040039469287,0.9903564452800699,False
WBGene00006461,-0.19773303291111155,0.0014437980224274029,0.0031512626702956165,False
WBGene00006463,0.19719145104444458,0.0010172770743274802,0.002300566257171629,False
WBGene00006477,-0.03850424848888778,0.5662817454592523,0.6348486234707001,False
WBGene00006505,-0.10357331864444408,0.06591496068974781,0.09678185459483495,False
WBGene00006541,-0.7247354279999989,1.6053516218801234e-08,1.0505758476791501e-07,True
WBGene00006568,-0.3850248088444417,6.251499322434212e-07,2.748564227237835e-06,False
WBGene00006603,0.7045056804444432,3.165278001659911e-10,3.459824704592153e-09,True
WBGene00006607,-0.3622283180444441,1.1662878188901755e-05,3.824452139444034e-05,False
WBGene00006609,-0.9958322630000005,2.144661759227503e-12,4.11670440124889e-11,True
WBGene00006610,0.6103113229111088,1.2774229092770958e-07,6.4860118038779e-07,True
WBGene00006611,-0.29358261959999865,0.062486633607539914,0.09278675594176211,False
WBGene00006729,-0.10869631617777742,0.08328348662755491,0.11901332069431482,False
WBGene00006756,-0.49633189764444374,4.71587750255914e-06,1.6495091531173527e-05,False
WBGene00006862,0.5472944197555556,1.3891834023799583e-10,1.584474402424677e-09,False
WBGene00006912,-0.34632458822222034,3.431993647132457e-05,9.930069854019276e-05,False
WBGene00006916,-0.3354209800000003,9.67047555636871e-10,9.395881806002685e-09,False
WBGene00006935,0.21441393602222192,0.00011154274073541944,0.00029457764080125876,False
WBGene00006936,0.35681367444444234,1.199178098794044e-07,6.128267297083848e-07,False
WBGene00006945,0.12480089255555349,0.044086021348176005,0.0675013595350477,False
WBGene00007029,-0.040856142444445354,0.4421854738575283,0.5170876195035287,False
WBGene00007036,1.692817492444445,3.894275966521521e-06,1.3805383719155123e-05,True
WBGene00007043,-0.1694830075555558,0.051745514641840615,0.07771702294490183,False
WBGene00007057,0.34806691068888984,0.0023205303859001065,0.004805940562377326,False
WBGene00007070,0.5539740126444457,7.115295729189342e-08,3.8354368074465834e-07,False
WBGene00007072,1.2895228971777772,6.766288863769316e-11,8.769830733317708e-10,True
WBGene00007073,-0.49911947426666625,0.013539042886360325,0.02399825844947202,False
WBGene00007089,-0.25201946146666643,1.571819120865584e-05,5.0081848102073464e-05,False
WBGene00007122,0.0354655114888871,0.43016798832073844,0.5045338402510002,False
WBGene00007129,0.02111718986666844,0.7589743919579224,0.7974804358756808,False
WBGene00007130,-0.5777235884888903,2.601063790762559e-05,7.873220012808208e-05,False
WBGene00007140,-0.6468271931555556,6.4291695459276016e-09,4.684959659856502e-08,True
WBGene00007150,-0.07307710777777743,0.06516113497641335,0.09610904323170909,False
WBGene00007194,0.19196231202222336,0.0024825791919801717,0.00511463304735182,False
WBGene00007197,-0.7646632347111133,6.284630808290003e-08,3.507804571719313e-07,True
WBGene00007210,0.11607828468888748,0.029619756276987978,0.04796450244853814,False
WBGene00007236,0.194597273377779,0.004251572183218721,0.008385933103240937,False
WBGene00007248,0.8336773062222242,8.280919274373063e-09,5.924621335392364e-08,True
WBGene00007314,0.23600934904444504,0.0009493423880342948,0.0021593423681589307,False
WBGene00007328,0.25598945988888744,6.79137462723497e-07,2.920662203078646e-06,False
WBGene00007331,-1.3054915760222219,1.2993561518424273e-12,2.6220340807692057e-11,True
WBGene00007350,0.14479239033333435,0.003687265355100447,0.007383913064794026,False
WBGene00007355,-0.020356759777778066,0.8167496669723149,0.8457657735621208,False
WBGene00007388,-0.22875162982222363,0.021968410165413833,0.037180943656302555,False
WBGene00007419,-1.8551367240666679,2.3160073807313588e-10,2.5685721557303498e-09,True
WBGene00007422,0.5904399598444456,1.2833354779034177e-06,5.233083010932589e-06,True
WBGene00007435,0.046189211733333124,0.4215001065232277,0.4965877003499704,False
WBGene00007446,0.332987686377777,0.00021992205712856569,0.0005494560601910514,False
WBGene00007455,-1.6351731135333338,4.082624123584233e-13,1.1077672470186622e-11,True
WBGene00007466,0.22960190651111123,9.084844794470179e-06,3.0295647683254367e-05,False
WBGene00007467,0.14520892395555673,0.010630578892822522,0.019101062987788412,False
WBGene00007469,-0.13213660268888816,0.02373842981730336,0.03949713375521722,False
WBGene00007470,0.057906734799999526,0.5567413797921252,0.6259363798520037,False
WBGene00007471,0.0006153944666653643,0.9878396563467026,0.9903564452800699,False
WBGene00007472,0.8758429045111118,3.0144643128219343e-07,1.4378081298126438e-06,True
WBGene00007473,0.2921895375555579,0.013434397803631006,0.023866526120671788,False
WBGene00007480,0.006237744599999928,0.9246265586892439,0.9413727059358796,False
WBGene00007507,-0.734406858111111,8.097583362564249e-10,7.96599763292258e-09,True
WBGene00007508,-1.7484774589777778,4.43899425488446e-09,3.4588994837565055e-08,True
WBGene00007509,-0.6991530690666679,5.76242450681581e-09,4.2383440064149925e-08,True
WBGene00007516,-0.36951951239999836,9.308335270362462e-06,3.090995720580277e-05,False
WBGene00007517,0.4002478913333327,3.1016597229045165e-06,1.1406571037036703e-05,False
WBGene00007533,-2.0788047821555526,1.1607811332349318e-08,7.807989332101636e-08,True
WBGene00007548,0.38047242555555627,0.00018273276326444474,0.000468438712342404,False
WBGene00007556,0.06914375508888959,0.41230209617470787,0.48720983436861126,False
WBGene00007616,-0.013825969999999188,0.7671178912872795,0.8038905198975884,False
WBGene00007620,0.10731344717777702,0.19626238072435181,0.2553032952563056,False
WBGene00007646,-0.0333821779333352,0.5064671612035702,0.5810344837714427,False
WBGene00007650,0.03271198993333435,0.6030584219296935,0.6669754343078723,False
WBGene00007684,0.2310756653333339,0.03427993748876741,0.05457185841573733,False
WBGene00007698,0.2351144362222204,0.0014497085814143798,0.0031512626702956165,False
WBGene00007745,0.23410927575555718,0.00580345140129901,0.011058877125477776,False
WBGene00007780,-0.038008238466666455,0.5346751421198022,0.604582380529144,False
WBGene00007812,-0.45991275922222385,0.0001048422317099549,0.0002787528255261301,False
WBGene00007824,-0.028616973777776167,0.6419771942592418,0.7017167387250324,False
WBGene00007857,-0.8942062976666687,8.378099802869326e-06,2.82985602783612e-05,True
WBGene00007880,0.17866079599999907,0.0013484085964671768,0.002980892037695697,False
WBGene00007885,-0.1848313891111104,0.0004885277520592169,0.0011580462074415774,False
WBGene00007886,0.1464764327777779,0.007031561414106709,0.013144510291928695,False
WBGene00007912,0.03922436211110991,0.39961649880283034,0.47579150462606273,False
WBGene00007914,-0.2640351078444425,0.0003884449122410884,0.0009377489139071674,False
WBGene00007917,-0.12839050864444168,0.005422432198481968,0.010383100097823136,False
WBGene00007946,-0.15430453197777805,0.007104698480616315,0.013249757592997726,False
WBGene00007971,-0.27778503140000055,1.0991212380455934e-05,3.619282068376075e-05,False
WBGene00007974,0.000442477111111117,0.9952418205191996,0.9959305206727737,False
WBGene00008062,-0.12538789675555506,0.0266369712692447,0.04376471062399912,False
WBGene00008074,0.022747859511110136,0.7914910446141543,0.8228579288128659,False
WBGene00008097,-0.05759681348888712,0.4750969561483557,0.5490474368410513,False
WBGene00008127,-1.2381976132000014,4.2227468120152305e-13,1.1077672470186622e-11,True
WBGene00008206,0.44992946742222095,2.0383854854637044e-05,6.320753105740139e-05,False
WBGene00008209,0.14726719613333383,0.022133706197576142,0.03730027147214652,False
WBGene00008230,0.22788500755555496,1.0294460894517758e-05,3.404092741170368e-05,False
WBGene00008258,-0.48734609886666824,4.263962563657973e-08,2.478393434375178e-07,False
WBGene00008346,-0.18101334000000158,0.0017224754144544317,0.0036736806264922434,False
WBGene00008354,-1.2846111102000002,1.0334569295922825e-09,9.799163898664173e-09,True
WBGene00008379,0.2902712284888853,1.843326344298719e-05,5.802791331852367e-05,False
WBGene00008409,0.5813837642666684,9.14999184382558e-09,6.429503197402439e-08,False
WBGene00008415,0.2516208209555568,0.001310001929825133,0.002904145123302478,False
WBGene00008431,0.09361771726666746,0.4090436616289816,0.4840862581985091,False
WBGene00008458,0.18150894466666578,0.06676986041776427,0.0976726396817481,False
WBGene00008485,-1.0776798930222204,3.4674015936681937e-10,3.738143909886121e-09,True
WBGene00008486,-1.276214296133336,8.559619561642104e-07,3.602363954552051e-06,True
WBGene00008490,-0.19970222833333207,0.0003585116050256971,0.0008735251800471319,False
WBGene00008499,-0.8626281228666688,5.658838863412613e-07,2.5019697671380482e-06,True
WBGene00008504,-0.1409974420222202,0.1497754869817261,0.2014928346232794,False
WBGene00008531,-0.05708860886666578,0.10145886741536275,0.14284101727350715,False
WBGene00008538,0.48567363213333437,4.126805641364818e-06,1.4564107801587947e-05,False
WBGene00008548,-0.12757013417777685,0.05136167764129925,0.07728803117342736,False
WBGene00008565,-0.804741220866668,1.3855797136310698e-09,1.2116124829196133e-08,True
WBGene00008566,-0.8629109032888902,4.515312597983983e-09,3.483873543738622e-08,True
WBGene00008567,-0.5133249146666685,3.3659621518505056e-07,1.576792984229969e-06,False
WBGene00008581,-0.4906831273555552,1.3554243858844983e-05,4.371799146275001e-05,False
WBGene00008645,-0.22236586644444323,1.5154047721390526e-06,5.993083194338867e-06,False
WBGene00008654,0.6652408828888916,6.797454570932404e-11,8.769830733317708e-10,True
WBGene00008732,0.06947630415555572,0.027158890927244366,0.04443668848179067,False
WBGene00008749,-0.20783409022222266,0.0048863911566816645,0.009448623686261598,False
WBGene00008775,-0.05003936119999963,0.23239202508994025,0.2964222426998103,False
WBGene00008776,-0.2385907935777789,1.4607230865600472e-05,4.692200282133703e-05,False
WBGene00008781,0.0882856895555566,0.04224274779021916,0.0649317236541064,False
WBGene00008801,0.10079227791111123,0.10724289535426403,0.15017821822741245,False
WBGene00008802,0.019172331888889005,0.9273226247285412,0.9428978109319921,False
WBGene00009001,2.6442405138,2.0093601390468073e-18,6.391841887316073e-16,True
WBGene00009035,-0.09094504244444579,0.019577813153150155,0.03364135142255278,False
WBGene00009057,-1.2032577344888882,4.450998078022865e-10,4.490942932569224e-09,True
WBGene00009078,-0.031220885777777596,0.7879177837498047,0.8204847305985202,False
WBGene00009082,-0.07419960600000053,0.45263033087891347,0.5269527668664273,False
WBGene00009138,-0.4931376950444477,0.015153878020417875,0.026620763397475152,False
WBGene00009146,-1.4465915530444455,5.465523746987933e-13,1.387537802864356e-11,True
WBGene00009159,-0.15625782866666604,0.03978270733500946,0.06175343327939339,False
WBGene00009165,0.018235364999997117,0.8283218476802174,0.8549056626460586,False
WBGene00009176,0.016424405333332004,0.6794768763622726,0.7325319201330254,False
WBGene00009177,-0.5357530998000009,1.134426837618221e-08,7.696499320737413e-08,False
WBGene00009192,-1.0307961824222218,3.863841632825056e-15,3.040843365033319e-13,True
WBGene00009218,0.9762430625333316,2.5343552400072653e-07,1.2388432135936135e-06,True
WBGene00009219,-0.07927098533333243,0.3013051757489565,0.37225615904933873,False
WBGene00009226,0.90590118662222,4.554703461429522e-06,1.6002462607790332e-05,True
WBGene00009232,-0.12942807453333316,0.08385445188502737,0.11955335803173285,False
WBGene00009255,0.02976588784444445,0.35319561643975733,0.42698149022747933,False
WBGene00009271,0.02893954577777791,0.5189557422453541,0.5919103900682517,False
WBGene00009342,-0.8544520171999999,1.7103448551476425e-13,5.852353917396498e-12,True
WBGene00009368,0.20190752124444167,0.0014455397351657885,0.0031512626702956165,False
WBGene00009450,0.3145756253111127,4.023402865830374e-07,1.8625988561226498e-06,False
WBGene00009493,-0.5183871062888894,1.3501893232741188e-06,5.449225627778111e-06,False
WBGene00009552,0.019538175533334368,0.5935814766107896,0.6588838111321459,False
WBGene00009554,-0.23862374402222208,0.00025757210081696797,0.0006374504507640056,False
WBGene00009622,-0.08465513966666727,0.1536554057693377,0.2053086661128502,False
WBGene00009635,-0.11649159911111084,0.1123641196709218,0.15623774236928525,False
WBGene00009658,0.787921677577776,4.035445112508438e-09,3.2018223983442916e-08,True
WBGene00009706,0.0633938419333333,0.2539330439968451,0.3197524890008273,False
WBGene00009801,-0.005553064888886183,0.8588181914031926,0.8800649956175944,False
WBGene00009813,-1.4221122215555546,1.1144726077189631e-14,6.264928159105885e-13,True
WBGene00009824,-2.007716037088887,1.4426881667069068e-15,1.4192444839979195e-13,True
WBGene00009908,0.4992880001999991,5.007015202634457e-07,2.2517262654133244e-06,False
WBGene00009925,-0.34168928484444194,7.65780296728433e-05,0.00020998923119347623,False
WBGene00009973,0.03912656251110924,0.5211566391463368,0.5935604558728902,False
WBGene00009980,-0.051093160888891376,0.401687592275512,0.4768146834401628,False
WBGene00009981,-0.3463044015333345,0.005203289368709606,0.009987777397986489,False
WBGene00010035,0.054627276977777584,0.514771823209077,0.5888450942813134,False
WBGene00010063,-0.41466419882222105,0.00014816449300191406,0.00038611078143214024,False
WBGene00010067,-0.4080838306666674,2.7700259538381926e-07,1.330190194590755e-06,False
WBGene00010083,1.7189110696222212,7.964430726230181e-17,1.2536013963086306e-14,True
WBGene00010120,0.4804971992444429,1.6152436794050465e-08,1.0505758476791501e-07,False
WBGene00010166,0.07301101108888997,0.3667986964367093,0.442068260483446,False
WBGene00010230,-0.07326633644444591,0.4285529629953566,0.5033898236975308,False
WBGene00010296,-0.5812806244666664,0.0026359751899084783,0.0054164816565482315,False
WBGene00010308,0.3588938435999989,7.578392431009675e-07,3.223889104434927e-06,False
WBGene00010339,-0.8991493211111106,1.332692982548393e-11,2.2315518665225219e-10,True
WBGene00010380,0.07348743871111107,0.206310613760256,0.2661745131628221,False
WBGene00010383,-0.5825154122666643,0.001447795030298834,0.0031512626702956165,False
WBGene00010425,0.0027013311111119265,0.9404479578747016,0.9513271758963884,False
WBGene00010485,0.634184866,2.959205750057899e-05,8.788282736964402e-05,True
WBGene00010537,-0.12906741222221996,0.008849861321373194,0.01623506027953544,False
WBGene00010595,-1.7199161411777784,8.053152952016197e-15,4.875254902489805e-13,True
WBGene00010628,-0.03952827993333585,0.40051233455392343,0.476137775368486,False
WBGene00010661,0.7337070497111071,1.0722510316196898e-08,7.337926625084311e-08,True
WBGene00010703,-0.37121406606666785,2.1354148570691447e-05,6.531052568781646e-05,False
WBGene00010720,-0.0709699721333319,0.25484931962278445,0.3203667214906491,False
WBGene00010769,0.35124800337777806,0.03292199388383448,0.05266180728979215,False
WBGene00010780,-0.06399087560000005,0.578360242081293,0.6465476001675818,False
WBGene00010791,0.258922678066666,0.00012096212849824927,0.0003173239837604073,False
WBGene00010799,-0.5841204666666657,1.2976593221132345e-06,5.264215909809874e-06,False
WBGene00010872,-0.32775358666666676,0.00047656938632698503,0.0011331121058590248,False
WBGene00010924,0.6510312772222253,9.347103879044565e-09,6.509885621954046e-08,True
WBGene00010945,0.2836024379333324,1.681881828141043e-05,5.323656471488741e-05,False
WBGene00010975,0.1362479724444441,0.04326912336475505,0.06637972726717783,False
WBGene00010988,0.10419857044444392,0.07205079621458821,0.10423525114132522,False
WBGene00011003,-0.7352464071333316,1.885907285346919e-05,5.913183400669423e-05,True
WBGene00011004,0.7293609110888895,1.078997796331898e-09,1.0109181734680996e-08,True
WBGene00011006,-1.9113057771777804,2.5806912187479297e-12,4.835723783701478e-11,True
WBGene00011037,-0.12127349088888728,0.016965190160623114,0.029473740963378348,False
WBGene00011045,0.2199918427555545,0.1265590662723109,0.17262042488095092,False
WBGene00011050,0.297877769333331,5.554655871802133e-05,0.00015556989932769677,False
WBGene00011058,-0.15904288111110887,0.022112144587108272,0.03730027147214652,False
WBGene00011089,-0.5195447822000006,3.826551221297041e-06,1.368861732345805e-05,False
WBGene00011095,0.6698930060888877,2.1961029450323336e-08,1.339793037008098e-07,True
WBGene00011147,-0.2201866088444433,0.006641079009976592,0.012533643119548148,False
WBGene00011157,0.6665094759777785,2.771933823543632e-07,1.330190194590755e-06,True
WBGene00011158,0.9684696719777772,4.2123764177705674e-13,1.1077672470186622e-11,True
WBGene00011159,0.18881800768888812,0.00024147806878185371,0.0005995054893732457,False
WBGene00011161,-0.1456878483999997,0.10372719166117589,0.1457737497095454,False
WBGene00011162,-0.15072277340000095,0.0896941640286907,0.1269591854147115,False
WBGene00011163,-0.010383438755555474,0.8416809451438604,0.8658861487950563,False
WBGene00011164,-0.11799808075555784,0.1739571452498224,0.2289369118923248,False
WBGene00011166,0.31261018802222473,0.001943062266070097,0.0040887433245913535,False
WBGene00011167,0.08257907999999947,0.2723213137916613,0.33964639295410054,False
WBGene00011170,-0.18571146228888846,0.039981757878554146,0.061940243012641956,False
WBGene00011173,0.09496054302222401,0.2002151426864214,0.2595870136642729,False
WBGene00011193,0.15368878355555715,0.03774643766109599,0.05917618812606085,False
WBGene00011196,-0.21383791459999824,0.38401958232656924,0.4593060961869453,False
WBGene00011224,0.023172408888891383,0.7740182619340603,0.8100430480613104,False
WBGene00011238,0.03394033495555426,0.6327318452265923,0.6925729654983701,False
WBGene00011239,0.28854951908888893,0.02276155632287985,0.03803257924863364,False
WBGene00011262,-0.8965624492000019,3.0007640235240756e-09,2.434640501560255e-08,True
WBGene00011272,-0.24484649493333244,0.014715036502681203,0.025965770689708758,False
WBGene00011307,-0.3349792970444412,0.0010645643024089623,0.0023937488742738666,False
WBGene00011340,-0.6255000276888874,1.3138738328412547e-10,1.5206157447736284e-09,True
WBGene00011393,-0.2501750407555541,0.004981496686813445,0.009585422720103131,False
WBGene00011398,-0.2714575011777782,1.684358909022486e-05,5.323656471488741e-05,False
WBGene00011399,-0.33376462600000245,2.35928932885913e-06,8.841717627676835e-06,False
WBGene00011407,-0.5558722976444459,0.003259883268587777,0.006595188000973215,False
WBGene00011433,-0.29885793653333437,0.0006906302569669265,0.0016224657081581229,False
WBGene00011452,0.08950571377777816,0.048289781740918525,0.07308472736558246,False
WBGene00011453,0.10781774033333491,0.21406862910210298,0.2748319920119984,False
WBGene00011467,-0.11228189313333381,0.0824659632447357,0.11821623510675226,False
WBGene00011500,0.012020406066666212,0.7628771676967542,0.8005124413031274,False
WBGene00011543,-0.2688601285111112,0.0015900833319898405,0.0034191136127759685,False
WBGene00011573,-1.224113107888888,5.220320674736637e-09,3.9127546390645076e-08,True
WBGene00011679,0.263508174888889,0.00411447949702592,0.00817700849535202,False
WBGene00011729,-0.1039927983333353,0.08332444689017467,0.11901332069431482,False
WBGene00011757,-0.02114705551111129,0.6603316006971985,0.7177913946805183,False
WBGene00011767,-0.008295497311111788,0.8458486367299825,0.8690376985724494,False
WBGene00011791,0.6244480457111106,1.3359432645672859e-05,4.344575823200223e-05,True
WBGene00011832,-0.34501532937777846,2.7542346658162372e-05,8.241759247138321e-05,False
WBGene00011846,-0.13874073182222357,0.029978419749790992,0.04834634496533916,False
WBGene00011848,-0.00439371095555785,0.9341412621260831,0.9461636721920559,False
WBGene00011850,0.2825870912888888,2.0952166322913036e-07,1.0370663456687143e-06,False
WBGene00011860,-0.19521109133333425,0.0036562284328106437,0.007340438205668307,False
WBGene00011879,-0.7613622848444423,1.4666328978181467e-06,5.844146602396567e-06,True
WBGene00011893,-0.07131168097777874,0.15830979273529333,0.2104557548693849,False
WBGene00011929,0.035517659933333334,0.5713745360706513,0.6396468846196338,False
WBGene00012007,-0.6040517852222216,7.281554855990386e-10,7.2539033818537135e-09,True
WBGene00012013,0.20349169128889244,0.005651356114859303,0.010795187530083183,False
WBGene00012017,-0.34240714686666607,9.841437978936e-05,0.00026344257447015755,False
WBGene00012031,0.08692238311111211,0.08520472915083757,0.12082184115623273,False
WBGene00012040,-0.7584017177555564,9.468232183164083e-11,1.1642966762734582e-09,True
WBGene00012131,0.03596168166666658,0.5140200003409453,0.5888409610892634,False
WBGene00012166,-0.04072746806666494,0.24636506616955733,0.31121879145335735,False
WBGene00012177,1.1952106445777773,1.4080179064564958e-12,2.7702752309531555e-11,True
WBGene00012187,-0.1833825460000007,0.01538005194677208,0.02695790842340674,False
WBGene00012295,-0.29288062177777796,0.0002719498648042187,0.0006709233341721634,False
WBGene00012302,-0.14168749584444384,0.013177613053810761,0.023516511277435533,False
WBGene00012316,0.20670905199999723,0.028226851840820938,0.045992820701296226,False
WBGene00012319,0.021393638888891786,0.6271444673131922,0.6874132253140421,False
WBGene00012326,0.11120255935555434,0.06347841215523425,0.094081940425931,False
WBGene00012375,0.193601565933335,0.0007804950033784367,0.001801318380231172,False
WBGene00012394,0.026678100511111857,0.5167305797594158,0.5902278175191006,False
WBGene00012416,-0.9993981027333341,1.251901172093233e-13,4.478391920169884e-12,True
WBGene00012423,-0.47622332437777537,3.2890016203117067e-05,9.586830648834493e-05,False
WBGene00012459,-0.07618267902222264,0.2573615923669475,0.3225216133643116,False
WBGene00012528,-0.07147526344444088,0.3373012639992289,0.4121989049183123,False
WBGene00012663,-0.0905960426444441,0.044592130279548226,0.06814370200000865,False
WBGene00012666,-0.33002294266666254,0.032561772538759935,0.052191680219967555,False
WBGene00012723,-0.7397194249777783,2.873624309253458e-13,8.376082708823967e-12,True
WBGene00012799,-0.22976408193333242,0.10785877741616737,0.15077239400803502,False
WBGene00012815,-0.03504037288888817,0.6832957830671667,0.7346363132156559,False
WBGene00012855,-0.09749158793333201,0.29951594435263523,0.37062743428541495,False
WBGene00012867,-0.06361048933333358,0.2460127544795503,0.31121879145335735,False
WBGene00012885,-0.0462032036222233,0.35182190176377337,0.4266314895039902,False
WBGene00012895,0.6528388873777775,3.6536395741739043e-11,5.425310084669553e-10,True
WBGene00012897,0.03046547333333116,0.6149409002433066,0.6787636584733272,False
WBGene00012911,-0.6626911967777769,1.3154064723428475e-09,1.1763919246975239e-08,True
WBGene00012914,0.8472997294666662,1.9994621661518054e-13,6.294306899045883e-12,True
WBGene00012936,0.2166679595555543,0.007341089930927714,0.01365824533248253,False
WBGene00013002,0.22351301764444464,4.663184912749521e-05,0.0001315385851732571,False
WBGene00013018,-0.07953742777777784,0.3296889923735242,0.40415145949838566,False
WBGene00013024,-0.08437367813333374,0.47317127139393106,0.5476261626279761,False
WBGene00013030,-0.5543545612888892,3.3387190261942236e-07,1.5733963315059006e-06,False
WBGene00013041,0.0642685862444452,0.21386208464135692,0.2748319920119984,False
WBGene00013049,0.04009710591111304,0.36921537518109177,0.44430045912464716,False
WBGene00013150,0.012183780533332467,0.8016507579244764,0.8323207737289748,False
WBGene00013197,-0.28612721046666856,0.0001571703082545087,0.0004068849756457183,False
WBGene00013220,1.1158163959555552,5.505778190044075e-08,3.11730031335589e-07,True
WBGene00013237,-0.21711136444444357,0.0540928817478897,0.08093364626537869,False
WBGene00013258,0.29825380477777763,7.193773460363274e-06,2.4508656767557995e-05,False
WBGene00013284,-0.9037610744444464,5.888657644730511e-13,1.44824173950091e-11,True
WBGene00013336,0.3540291886888891,5.221000945085534e-06,1.8101003276574075e-05,False
WBGene00013362,-0.036208552755555345,0.5372287811453266,0.6065983511640919,False
WBGene00013433,-0.310794258533333,0.019770099328118858,0.03375069017620291,False
WBGene00013447,0.050288843977776665,0.2017352779500022,0.26069895524901765,False
WBGene00013497,0.07281599491111024,0.28780685340509427,0.3583923949838753,False
WBGene00013557,0.0695794542222199,0.19661201255354585,0.2553360625076577,False
WBGene00013575,-0.4265659779999993,1.351260811593844e-05,4.371799146275001e-05,False
WBGene00013577,0.12099578622222218,0.04065917346581605,0.06261990120860515,False
WBGene00013646,-0.3015670946000002,0.00021965361102387228,0.0005494560601910514,False
WBGene00013672,-0.4095791581333348,1.357343021490291e-06,5.450147744453363e-06,False
WBGene00013677,0.04851284897777752,0.3322433967505473,0.40664938295906805,False
WBGene00013680,0.3279526258222223,8.072750248350193e-05,0.000220215057319631,False
WBGene00013690,-0.9254695902222227,4.619074253860673e-08,2.6534390056849265e-07,True
WBGene00013693,0.8182195351555563,1.909321126319478e-13,6.260982193389288e-12,True
WBGene00013708,0.346159916444444,0.0006974151953376009,0.001633529043841345,False
WBGene00013854,0.004040811822221713,0.9515547049943617,0.9613267687170252,False
WBGene00013870,0.49780552988888793,2.1410566235650124e-05,6.531052568781646e-05,False
WBGene00013881,0.04267058504444243,0.3378754587299495,0.41226044344258955,False
WBGene00013894,0.025363777911111995,0.5265512259330621,0.5979737587436074,False
WBGene00013896,0.06193706904444163,0.4268083549330699,0.5020899481798595,False
WBGene00013900,0.7254566687333339,7.337266510861337e-05,0.0002019031029387368,True
WBGene00013901,-0.8081637019999999,4.7684546679101935e-09,3.6434697316944874e-08,True
WBGene00013903,-0.6680868813333332,0.0011280797900465685,0.0025150107500471653,True
WBGene00013904,0.13396039924444558,0.0014831899149483322,0.003206786986440487,False
WBGene00014001,0.28807558222221985,2.28579063177569e-06,8.64864051542052e-06,False
WBGene00014013,-0.13764350762222222,0.039460444612396034,0.0613742488339045,False
WBGene00014028,-0.012784767222223437,0.8653551090638081,0.8856104952317516,False
WBGene00014034,-0.3759903680000001,1.068736253741471e-07,5.497355762709397e-07,False
WBGene00014081,-0.19730211368889172,0.009301220534716558,0.016983899213043923,False
WBGene00014111,0.22814217033333328,0.026847895598703972,0.044019362158708386,False
WBGene00014115,0.04682302784444481,0.3621123285106662,0.43708957444462315,False
WBGene00014123,0.3977221796888859,8.373247315652948e-05,0.00022645174011748695,False
WBGene00014128,-0.06577579562222269,0.1496448982959456,0.2014928346232794,False
WBGene00014162,-0.013929798044443942,0.7881657640819331,0.8204847305985202,False
WBGene00014203,0.02520456680000116,0.5905011113416863,0.6579466508331624,False
WBGene00014206,-0.17263107726666682,0.0015325146914594015,0.0033043535950097232,False
WBGene00015021,0.23911098804444464,8.086677454304112e-05,0.000220215057319631,False
WBGene00015064,0.2611703864444461,0.00019740154785261054,0.0005011452198709822,False
WBGene00015116,1.0262879797999975,2.3179871260893776e-15,2.0269509647026004e-13,True
WBGene00015124,-0.08493112091111144,0.0716940010723187,0.103910089951961,False
WBGene00015141,-0.3050617972000005,3.947392519257198e-05,0.00011337948586333631,False
WBGene00015161,-0.10576768828889094,0.033787112876690194,0.05393601994717076,False
WBGene00015162,-0.12205605695555732,0.07019849119369045,0.1021186923649434,False
WBGene00015168,0.12282402288888683,0.001976359524130153,0.004125716035783635,False
WBGene00015270,-0.8757998122000004,3.0475830630288295e-11,4.702838961968018e-10,True
WBGene00015278,-0.5428457537333333,1.8439128814855792e-08,1.1609275501833206e-07,False
WBGene00015326,0.026650607777776614,0.672628137964818,0.7271405832119667,False
WBGene00015334,0.03155432235555544,0.5830629052223711,0.6508801509361788,False
WBGene00015338,0.5438098814222228,5.450434844353982e-09,4.046690775949608e-08,False
WBGene00015369,0.5528373226666687,8.81368843075487e-06,2.951647997874078e-05,False
WBGene00015371,-0.09558814995555309,0.5919011801650305,0.6579466508331624,False
WBGene00015399,-0.03866831651111102,0.3109730408231008,0.382998095661628,False
WBGene00015400,-1.0447225250222214,0.00011214522641988472,0.000295178238101837,True
WBGene00015449,-0.46823277373333205,3.1966047547314105e-06,1.164688862024824e-05,False
WBGene00015553,0.46543665271111223,4.282865401207423e-08,2.478393434375178e-07,False
WBGene00015577,-1.0163003914888868,1.246527641960763e-12,2.5816243532187385e-11,True
WBGene00015692,-1.4228266782000016,8.459649776008435e-14,3.3288721868593193e-12,True
WBGene00015694,0.3312378620444463,2.6643367870692434e-06,9.937597400111349e-06,False
WBGene00015695,-3.2737837997999986,3.731856249961419e-16,4.1956726695994806e-14,True
WBGene00015733,-0.49743533257777983,1.056107861562462e-06,4.3289421200503e-06,False
WBGene00015739,-0.28020418544444325,2.5752221023279543e-05,7.82509573178417e-05,False
WBGene00015773,-0.10270376377777879,0.03619211047924613,0.057080542980294,False
WBGene00015802,-0.9212711114222198,1.019196704498221e-09,9.781802517562194e-09,True
WBGene00015889,0.5174539505777762,4.792824788864347e-05,0.00013471261102986575,False
WBGene00016034,0.31554294857777876,0.0007709354181653721,0.0017844887473416112,False
WBGene00016103,-0.5115789676444429,0.0166553029816652,0.02899938815612945,False
WBGene00016140,0.18796620688888943,0.003354639777202035,0.006769491037584619,False
WBGene00016144,-0.2788794744444445,3.793583582415771e-06,1.3632649677448455e-05,False
WBGene00016147,-0.09767133768889202,0.24229267261552498,0.3075553763684164,False
WBGene00016152,-0.4584663053333333,1.030958654346212e-07,5.352193153822893e-07,False
WBGene00016207,0.24149751346666548,9.404115122170177e-07,3.915893439760809e-06,False
WBGene00016266,-0.5477927270222196,5.50793678983241e-07,2.449009182823789e-06,False
WBGene00016294,0.5759309776444415,6.136103171323607e-06,2.1087830549483314e-05,False
WBGene00016328,0.023595053666666033,0.7423004363274162,0.7841482461606396,False
WBGene00016340,-0.5496876016666663,3.8747271447696724e-10,4.06588035057831e-09,False
WBGene00016393,0.10609569222222426,0.045628594505802,0.06945784115293263,False
WBGene00016419,-0.657988927333335,8.018942373574832e-08,4.2660533047532983e-07,True
WBGene00016524,0.1388154713333325,0.048684772332032944,0.07354110523092117,False
WBGene00016583,-0.13232839855555767,0.04612628139815613,0.07007989085009435,False
WBGene00016603,0.2690860228888905,0.000723204933033632,0.0016839120778031607,False
WBGene00016629,0.20726382319999992,0.004702781707704131,0.009115983260992982,False
WBGene00016632,-0.3894269526666658,1.7028435526534343e-08,1.0984736688018466e-07,False
WBGene00016652,0.16520376655555502,0.028291682398113336,0.046003210841560324,False
WBGene00016657,-0.2692713967777767,0.025998313458750696,0.04298460649587563,False
WBGene00016665,0.00029101693333544176,0.9959305206727737,0.9959305206727737,False
WBGene00016750,-0.048937215777776544,0.16411436816796243,0.2170722819297251,False
WBGene00016786,-0.6564366591777775,1.2231772149834406e-08,8.157970069423455e-08,True
WBGene00016844,0.24534488695555545,0.001969993603617125,0.004125027889753706,False
WBGene00016848,1.4355487054000005,6.542826608042485e-11,8.769830733317708e-10,True
WBGene00016892,-1.084899072644447,1.8595578028342726e-08,1.1614857070083908e-07,True
WBGene00016920,-1.5305882482444453,1.066887103910592e-12,2.3989718593646738e-11,True
WBGene00016959,-0.0302298549333333,0.41614316242654414,0.49101149749578743,False
WBGene00016985,0.019111926044445227,0.6709823987409801,0.7263592129424364,False
WBGene00016995,0.005710982222222327,0.8939323382374402,0.9124834632851692,False
WBGene00016996,1.351142093622224,1.8161555296299302e-06,7.075813870389877e-06,True
WBGene00017026,-0.6265729049111126,1.3482660570344903e-09,1.1922307717821841e-08,True
WBGene00017051,-0.37230685817777953,0.00010997909554765323,0.0002914260882020306,False
WBGene00017060,-0.04805956053333382,0.46529799647830067,0.5393071034291939,False
WBGene00017084,-0.11426867871110957,0.004104873213841866,0.00817700849535202,False
WBGene00017103,-0.6926691726222245,0.00028575246975024143,0.0007005831579234891,True
WBGene00017123,-0.7855127016666685,2.556632502013538e-08,1.5359311290722552e-07,True
WBGene00017233,3.324965464933335,2.4365343916071438e-18,6.391841887316073e-16,True
WBGene00017237,-0.3127054663555562,0.0002810236491119663,0.0006911425370347421,False
WBGene00017244,0.19516534731111257,0.025697703136540434,0.0425770365651733,False
WBGene00017262,-1.2734301016444434,4.4181507723740434e-05,0.00012598132818327434,True
WBGene00017268,0.18502772159999914,0.0343241040861372,0.05457185841573733,False
WBGene00017282,-0.10463767631110876,0.15346028946387558,0.2053086661128502,False
WBGene00017315,0.3143557384444424,4.057186764512774e-05,0.00011610930849714739,False
WBGene00017331,1.0598759365333343,9.610985795980591e-13,2.2920744913444622e-11,True
WBGene00017332,0.5734762163777782,2.360300944305042e-09,1.9349550449667375e-08,False
WBGene00017333,-0.04426159513333516,0.49742768867395093,0.5714972131188312,False
WBGene00017334,0.11277273488888895,0.032467126163348826,0.0521461801848072,False
WBGene00017336,0.5414074977555536,1.3963639078487858e-07,7.044476894083297e-07,False
WBGene00017387,-0.05209211377777745,0.6436028956914325,0.7025180012609672,False
WBGene00017442,-0.28281608653333556,0.0004330950176968663,0.0010360054070742669,False
WBGene00017610,0.2550966121111129,2.3446396062945445e-06,8.82885823040099e-06,False
WBGene00017625,-0.5319194612222251,1.6328818434702712e-06,6.425390054055516e-06,False
WBGene00017648,-1.096417920666667,3.0908742005198294e-14,1.3513988865606145e-12,True
WBGene00017673,1.359714855777777,1.1865767925834755e-09,1.0733746388082704e-08,True
WBGene00017696,-0.28833319002222346,1.4711790295913755e-05,4.706576814180538e-05,False
WBGene00017769,0.4363189754444434,6.611568464362243e-07,2.877941226442759e-06,False
WBGene00017781,0.44155444571111246,3.0942954788153867e-07,1.466994302305849e-06,False
WBGene00017818,-0.3599611904444444,7.56480236948751e-07,3.223889104434927e-06,False
WBGene00017830,-0.026552813111113238,0.7157251489744604,0.7642818076565812,False
WBGene00017864,0.39678637419999774,0.009448943653314123,0.017213700590644015,False
WBGene00017874,-0.3988959089555557,3.2368352425727076e-05,9.469848832359557e-05,False
WBGene00017888,0.10145415135555602,0.14883593832725275,0.20091575208155732,False
WBGene00017959,-0.004608674688888925,0.9321259281617086,0.945339053432042,False
WBGene00017975,-0.10922332415555758,0.021826036568175524,0.037019592196452886,False
WBGene00018023,-0.09017358362222261,0.12525118933109114,0.17113313542286238,False
WBGene00018036,-0.930501963266666,3.01497021643029e-11,4.702838961968018e-10,True
WBGene00018076,0.03914933879999971,0.3438731014110257,0.41892899506265824,False
WBGene00018152,0.025179325999999946,0.6209266940127549,0.6824990337821761,False
WBGene00018174,1.8634726004666646,9.265693533833998e-12,1.5852393067668166e-10,True
WBGene00018206,0.1154338028222206,0.02078455072678471,0.03540571736359214,False
WBGene00018286,0.2744099780888902,0.002960962344258195,0.0060213885398739,False
WBGene00018357,0.19570533264444379,9.59077503672409e-05,0.0002576088721468211,False
WBGene00018391,0.731069798444441,1.1017198028423767e-12,2.4084819023248627e-11,True
WBGene00018424,-0.4097097725333363,0.00018229352344120597,0.000468438712342404,False
WBGene00018543,-1.171484976733332,2.0411017280734592e-14,1.0039669124961327e-12,True
WBGene00018674,0.23056704422222118,3.79886874983049e-05,0.00010951317604822693,False
WBGene00018682,0.930549236577777,1.5366484772510176e-09,1.3184072009939833e-08,True
WBGene00018696,-0.15009973273333266,0.00669518394020678,0.012575440956903905,False
WBGene00018698,-0.12746664555555576,0.13471055430054962,0.18278828661126303,False
WBGene00018721,-0.06736712311111148,0.05017953555923515,0.0756538208527166,False
WBGene00018755,0.3033838805111131,0.00017074561711157704,0.0004405796743174135,False
WBGene00018771,0.42125425124444593,5.10579003673806e-07,2.283100431200485e-06,False
WBGene00018783,-0.3416566247555579,1.9892623496826114e-07,9.90854094430516e-07,False
WBGene00018789,0.0981352931333328,0.29155489447789257,0.3619143563944818,False
WBGene00018797,-0.14182806088889066,0.08450157795189474,0.12025812269103285,False
WBGene00018811,-0.7420128866666662,4.7950127409760843e-11,6.738705405621747e-10,True
WBGene00018850,-0.094944175377778,0.11910837851069207,0.16416513815746878,False
WBGene00018904,0.4134584269555539,6.655467639295834e-07,2.877941226442759e-06,False
WBGene00018931,0.8257505533777802,2.0158956832320784e-08,1.2492203958296423e-07,True
WBGene00018986,-0.7313365806222212,9.274955425968876e-11,1.1586333206726197e-09,True
WBGene00018996,-0.11656823115555426,0.026210147732927506,0.043243996364389824,False
WBGene00019022,0.4441530735333341,0.0003758280493471459,0.0009100820764190887,False
WBGene00019055,0.21043579033333426,0.014815077785447854,0.02608381704059835,False
WBGene00019094,0.1176403346888879,0.07043596582298856,0.10227510166548338,False
WBGene00019096,-0.08921036764444334,0.1943402814813877,0.25373274434684423,False
WBGene00019151,0.12237555044444459,0.04016241689624629,0.06197612175950164,False
WBGene00019225,-0.27186122013333325,0.0014535048911274572,0.0031512626702956165,False
WBGene00019229,0.13222616659999975,0.044682174581827196,0.06814897557344575,False
WBGene00019232,0.3605782605555561,2.6280387532055368e-05,7.924392715604435e-05,False
WBGene00019233,-0.20486864562222173,0.027494555523601447,0.04489256264953183,False
WBGene00019234,1.2597339549999997,2.565492256830121e-07,1.2463224729168552e-06,True
WBGene00019235,-0.02960592355555569,0.6679275147492038,0.7250468332518942,False
WBGene00019246,0.02427642866666524,0.7189066630152443,0.7666389482289936,False
WBGene00019275,0.08009853168889158,0.1135909651178838,0.15738748159819463,False
WBGene00019276,-0.06507126079999992,0.1274140017503126,0.17348584667386852,False
WBGene00019295,-0.09845181042222251,0.008069042570136492,0.014906893198820232,False
WBGene00019298,-0.4079787908444459,0.000702204269696994,0.0016398657574229504,False
WBGene00019329,-1.2595699365111113,1.0482700787107647e-12,2.3989718593646738e-11,True
WBGene00019379,-0.31408609206666593,8.249124248916689e-07,3.490355260159911e-06,False
WBGene00019380,0.33199514728888957,6.314265679575668e-06,2.1605769955765436e-05,False
WBGene00019404,-0.0877671410888885,0.05510488374717797,0.08229135390707602,False
WBGene00019406,0.03567116004444504,0.6806277275626978,0.7327688393869265,False
WBGene00019428,-0.2058315442888894,0.010130616230826506,0.018328264307265425,False
WBGene00019460,-0.29608084031111126,1.752237987900723e-08,1.1211473955104626e-07,False
WBGene00019473,0.016510592111112388,0.7526375446840216,0.7918793417998996,False
WBGene00019515,-0.38799938602222284,1.7693520143007477e-06,6.927761369426311e-06,False
WBGene00019516,-0.08550738964444271,0.1222461694580522,0.16731780063215143,False
WBGene00019584,0.040547368266668826,0.3708706409144614,0.44552724149882594,False
WBGene00019604,-0.6604356908888889,9.667331493791032e-11,1.1704907516328527e-09,True
WBGene00019633,-0.08721826357777651,0.35314449062131403,0.42698149022747933,False
WBGene00019644,-1.2243819128444464,4.743645989032332e-07,2.1589835196129055e-06,True
WBGene00019690,0.4907281654666633,3.2348849736613758e-06,1.173204826853227e-05,False
WBGene00019710,0.007153288333334729,0.8848311383060596,0.9043663712296999,False
WBGene00019725,-0.1082237342666641,0.15440029274984382,0.20595428880360522,False
WBGene00019813,0.006873086377780169,0.9319336633277328,0.945339053432042,False
WBGene00019819,-0.5706894867555548,1.0319384264264505e-08,7.123995978926462e-08,False
WBGene00019846,-0.10938475988888907,0.10907182395005224,0.15192836362600198,False
WBGene00019867,-0.08348293146666563,0.49083074112710345,0.5647423878172959,False
WBGene00019880,0.5267923951111122,0.00010089200061036172,0.00026915933722154126,False
WBGene00019883,0.19925360826666605,0.002643762288820672,0.00541833573255695,False
WBGene00019890,0.10382341599999734,0.022316840823602493,0.03752853360721189,False
WBGene00019899,-0.12249788957777863,0.20059340179719914,0.25964968291841406,False
WBGene00019920,0.43642400733333275,3.631031538903669e-06,1.3108356977601778e-05,False
WBGene00019937,-0.13482967600000073,0.07308733380014033,0.10554079211139532,False
WBGene00019965,0.22317609871111266,0.0035970276333563756,0.007240053062535723,False
WBGene00020006,0.3432723335333332,4.629844713748289e-05,0.00013106790610503251,False
WBGene00020036,-0.026745321088887053,0.6552974654330017,0.7133044333274859,False
WBGene00020140,0.286199331333334,0.004311304638570761,0.008477858330150788,False
WBGene00020141,0.18564346082222283,4.586745714694254e-05,0.00013031656597344325,False
WBGene00020146,0.17708272037777562,0.0005206442532131129,0.0012304715533895492,False
WBGene00020149,0.5945614086666673,1.4703189673119699e-06,5.844146602396567e-06,True
WBGene00020166,0.1445998835555553,0.009926345175811988,0.018032873096162225,False
WBGene00020182,0.32676169508889075,6.807596026393663e-05,0.00018864711523844412,False
WBGene00020185,0.040326613000003064,0.4502844621638879,0.5257772577492282,False
WBGene00020190,-0.05588701911111116,0.48912919421539963,0.5636086029978324,False
WBGene00020197,0.42076525344444704,2.5205744615470643e-07,1.2388432135936135e-06,False
WBGene00020256,-0.33604796597777664,0.0002155030317104847,0.0005453404693123842,False
WBGene00020258,-0.8238695204888895,1.95241550326687e-09,1.6346287245436454e-08,True
WBGene00020264,-0.00873763722222165,0.9598085577199253,0.9671822470237916,False
WBGene00020267,-0.6708899340000007,6.660451133681796e-08,3.640121557088593e-07,True
WBGene00020270,0.04124476782222075,0.6983968160787116,0.7488260139699537,False
WBGene00020343,1.8029175223777774,1.2161866490737502e-14,6.380925952140275e-13,True
WBGene00020369,0.5028514211111101,9.654124929408549e-07,3.998840168128699e-06,False
WBGene00020382,-0.09788677404444535,0.022568631274781554,0.03787102945256521,False
WBGene00020397,1.0619371546444434,3.934408164591463e-10,4.074183191491423e-09,True
WBGene00020398,0.056416278444444856,0.3748873669661144,0.4490659936108555,False
WBGene00020407,-0.338058204066666,2.032106247531461e-06,7.763435033044949e-06,False
WBGene00020436,-0.8817001599555567,2.3379434413069774e-11,3.833253100642898e-10,True
WBGene00020446,-0.0020065413333316684,0.966324809510811,0.97126133471904,False
WBGene00020471,-0.737352434,3.848138024940622e-11,5.608304862274572e-10,True
WBGene00020491,0.37380302657777875,2.7586840518520963e-06,1.024096390946981e-05,False
WBGene00020509,0.9896449903333338,7.650205364278212e-14,3.1687955903615545e-12,True
WBGene00020587,-0.9992988921777783,7.71063801284356e-06,2.6156345328051217e-05,True
WBGene00020590,0.05341730124444588,0.5526362148316393,0.6231012909348139,False
WBGene00020593,0.26032460319999906,8.076771822213994e-08,4.2660533047532983e-07,False
WBGene00020594,0.1439933292666673,0.0003969448104713591,0.000955338121837797,False
WBGene00020596,0.02307361946666653,0.6174004412048277,0.6795722338855936,False
WBGene00020658,-0.44434321102222185,0.02539737562760231,0.04216821649561818,False
WBGene00020679,0.07701829155555373,0.1083442319840099,0.15118246555215564,False
WBGene00020757,0.08823233911110684,0.001428180841819102,0.0031483986624975726,False
WBGene00020761,-0.3877798639333321,0.00018781826117565982,0.0004799122452767671,False
WBGene00020765,0.4980916056222231,0.0069378847216344615,0.01300027446649124,False
WBGene00020797,-0.11693844782222307,0.06521248930842777,0.09610904323170909,False
WBGene00020820,-0.10119159986666659,0.08487207045605995,0.1205673636262079,False
WBGene00020823,-0.23645257746666815,0.004482733814498481,0.008710892622247664,False
WBGene00020842,-0.10157477844444784,0.031356814687482235,0.05046587558087631,False
WBGene00020910,-0.04168840668889118,0.5912018641982268,0.6579466508331624,False
WBGene00020911,0.48449547491111034,5.583982381922214e-08,3.13899581040913e-07,False
WBGene00020932,-0.09895317097777934,0.017984839044427273,0.031176361955868422,False
WBGene00020947,-0.11625784148889018,0.011174317472984039,0.02003231856774132,False
WBGene00020962,-0.5476809625111123,3.1294145637010625e-06,1.1455112844803425e-05,False
WBGene00020964,0.14327230591110762,0.01967140235164837,0.03365520358858102,False
WBGene00020989,-1.6068985937111115,2.939017229774934e-14,1.3513988865606145e-12,True
WBGene00021057,0.20212558042222284,0.015805917157004447,0.027642792894583334,False
WBGene00021061,-0.06632569399999966,0.3939938021502577,0.4698077610488679,False
WBGene00021075,-0.27793232524444456,0.0018485839136954927,0.003921389595898525,False
WBGene00021112,0.4012750524222213,3.207080808296784e-05,9.469848832359557e-05,False
WBGene00021160,-0.9583102520000004,9.209919446601373e-11,1.1586333206726197e-09,True
WBGene00021167,0.8500099028666668,1.1832056091477913e-13,4.43420387809196e-12,True
WBGene00021252,0.0667885178444454,0.3713670526343454,0.44552724149882594,False
WBGene00021282,-0.21712656335555636,0.004470718746509703,0.008710569827784422,False
WBGene00021344,0.520543895777779,1.0337145608399996e-07,5.352193153822893e-07,False
WBGene00021345,0.3527480629111128,3.216274304434468e-05,9.469848832359557e-05,False
WBGene00021347,0.05454618915555365,0.6165858621594824,0.6795722338855936,False
WBGene00021352,-0.11537151777777765,0.0688475542145237,0.10033893549412991,False
WBGene00021372,-0.25465762144444426,0.00019430231837151872,0.0004948735422601463,False
WBGene00021395,0.13891097540000175,0.07966087844829871,0.11461263498868571,False
WBGene00021401,0.04743783446666505,0.22437426873557803,0.28712609673967465,False
WBGene00021430,0.08079052911111084,0.30817298089920814,0.3801444137424401,False
WBGene00021464,-3.2313931415333332,1.5163682708260965e-20,1.193381829140138e-17,True
WBGene00021508,0.14331197837777943,0.02928122341191733,0.04751406768078131,False
WBGene00021553,0.07529516886666521,0.3285627272295922,0.40339916744101256,False
WBGene00021564,0.15914823448888882,0.01814760160390721,0.03138936804895598,False
WBGene00021626,-0.20494475571111082,0.029742911825269117,0.04806503409956221,False
WBGene00021636,-0.16780041493333542,0.0006711795209546792,0.0015814918652435107,False
WBGene00021638,0.05401971413333406,0.2552349864989034,0.3203667214906491,False
WBGene00021677,0.0573554030444452,0.19154111628690398,0.2508200640895065,False
WBGene00021692,0.3781081116000031,3.870300616726143e-06,1.37824732369388e-05,False
WBGene00021703,-0.9500912155333339,6.643965961203752e-07,2.877941226442759e-06,True
WBGene00021766,-0.38867520782222087,5.21348432089078e-06,1.8101003276574075e-05,False
WBGene00021787,-0.7585026179111125,6.616436907306425e-11,8.769830733317708e-10,True
WBGene00021817,0.2802358540000025,0.0027175910480755705,0.005555179622949283,False
WBGene00021818,-0.2094986004888888,0.0008156096441300594,0.0018768561109074758,False
WBGene00021839,-0.09878268026666781,0.21275914170877416,0.27404491738920667,False
WBGene00021845,-0.030898224355555115,0.7481663602475331,0.7892854229421027,False
WBGene00022006,0.14314310182222112,0.11895208377521042,0.16416513815746878,False
WBGene00022037,0.03174734311111038,0.3257101018432296,0.4005216408603464,False
WBGene00022076,0.07866964368888851,0.03937999657361895,0.06137041050185765,False
WBGene00022130,-0.6840550348444445,3.3332215860478116e-08,1.9576458121042e-07,True
WBGene00022150,0.19784190533333224,0.0007468145863957657,0.0017337553967358924,False
WBGene00022167,-0.24314946937777826,0.0010927163018717475,0.0024500505116041744,False
WBGene00022171,-0.49211304413333323,5.638945838813389e-05,0.00015737058067894104,False
WBGene00022181,0.07463232199999936,0.5964871295360726,0.6611765787956185,False
WBGene00022231,-0.44559679028888866,6.940373631916561e-08,3.7669476195298854e-07,False
WBGene00022233,-0.35832999711111135,6.986678654452498e-05,0.00019293038951067074,False
WBGene00022246,-1.5188023179555552,2.1399577724553392e-13,6.477487565085969e-12,True
WBGene00022250,-0.03404809440000278,0.6265978497211847,0.6874132253140421,False
WBGene00022309,0.1920374753555567,0.007687732793060564,0.014269447424855341,False
WBGene00022377,0.08862499677777969,0.037208469519815594,0.05856613102418975,False
WBGene00022379,-0.3474683667777789,0.0019707884200093947,0.004125027889753706,False
WBGene00022389,-0.040565206888889094,0.6034136076584563,0.6669754343078723,False
WBGene00022400,-0.07029692535555476,0.16609987108492613,0.21932986332858537,False
WBGene00022431,-0.08711977677777405,0.11610167670409233,0.16058351417595898,False
WBGene00022455,0.38972232491111214,0.00014443707207542267,0.0003776477598782646,False
WBGene00022498,-0.21964073202222334,0.00023200556113483876,0.0005778113183959434,False
WBGene00022501,0.5160998247111106,0.004471499632051978,0.008710569827784422,False
WBGene00022512,-0.06694057535555586,0.2994324954616274,0.37062743428541495,False
WBGene00022532,-0.24941672777777768,9.424416637832914e-05,0.0002540073936292638,False
WBGene00022610,-2.3396873908444453,2.0754128321300471e-16,2.722249831477245e-14,True
WBGene00022616,0.051642865755555434,0.5602508524172306,0.6289834819577182,False
WBGene00022629,-0.21318297311111323,0.0011187654833444268,0.002501330782363818,False
WBGene00022646,-0.1832941217777755,3.3298628763286735e-05,9.670118389928658e-05,False
WBGene00022817,-0.30558806315555387,0.002804177175967032,0.005717324967580451,False
WBGene00022836,-0.07917901244444359,0.0951533374681635,0.13420372148287577,False
WBGene00022849,-0.04907622404444556,0.5290031238316519,0.5998925914344526,False
WBGene00044025,0.02556166368888846,0.7358059986813137,0.7805495224382766,False
WBGene00044063,0.12895278977777735,0.00198530250555965,0.004133420825067314,False
WBGene00044069,-0.13635760355555604,0.026332767038830703,0.04335541351372335,False
WBGene00044233,-0.5163803430222238,2.1095990686024943e-08,1.2970738023360649e-07,False
WBGene00044286,-0.055039161600000774,0.3483062234568821,0.4236738761368875,False
WBGene00044355,-0.48172404237777755,3.098482124812879e-08,1.8334627309982973e-07,False
WBGene00044468,-2.3035002173777794,3.6536867402518856e-09,2.93413414752881e-08,True
WBGene00044631,0.24756372973333374,8.572489902649527e-06,2.8831408347799905e-05,False
WBGene00044637,-0.6128115454666663,3.6398265644676294e-10,3.87100473815679e-09,True
WBGene00045419,0.03393555997777753,0.6982638065299038,0.7488260139699537,False
