,t,wild type,rsks-1,daf-2,daf-2 rsks-1,daf-16; daf-2 rsks-1
0,0.0,1.0,1.0,1.0,1.0,1.0
1,0.25125628140703515,0.9974588405212352,0.9974588405212352,0.997458878952673,0.9974588800625928,0.9974588405212352
2,0.5025125628140703,0.994859729833821,0.994859729833821,0.9948598857555082,0.9948598902585603,0.994859729833821
3,0.7537688442211055,0.9922015206429153,0.9922015206429153,0.9922018764669206,0.9922018867430884,0.9922015206429153
4,1.0050251256281406,0.9894830519384316,0.9894830519384316,0.9894836935089963,0.9894837120373097,0.9894830519384316
5,1.2562814070351758,0.9867031493404768,0.9867031493404768,0.9867041660125158,0.986704195373313,0.9867031493404768
6,1.507537688442211,0.9838606254818371,0.9838606254818371,0.98386211019884,0.9838621530760144,0.9838606254818371
7,1.758793969849246,0.9809542804293734,0.9809542804293734,0.9809563298005155,0.9809563889837383,0.9809542804293734
8,2.0100502512562812,0.9779829021462529,0.9779829021462529,0.9779856165225065,0.9779856949094198,0.9779829021462529
9,2.2613065326633164,0.9749452669969951,0.9749452669969951,0.9749487505460205,0.9749488511443972,0.9749452669969951
10,2.5125628140703515,0.9718401402973744,0.9718401402973744,0.9718445010769559,0.9718446270068155,0.9718401402973744
11,2.7638190954773867,0.9686662769112762,0.9686662769112762,0.9686716269410501,0.9686717814367264,0.9686662769112762
12,3.015075376884422,0.9654224218966577,0.9654224218966577,0.9654288772278676,0.965429063640019,0.9654224218966577
13,3.266331658291457,0.962107311202825,0.962107311202825,0.9621149919858198,0.9621152137833746,0.962107311202825
14,3.517587939698492,0.9587196724212836,0.9587196724212836,0.9587287029704604,0.9587289637424883,0.9587196724212836
15,3.7688442211055273,0.9552582255924811,0.9552582255924811,0.9552687344483539,0.9552690379058548,0.955258225592481
16,4.0201005025125625,0.9517216840707984,0.9517216840707984,0.9517338040588597,0.9517341540364596,0.9517216840707984
17,4.271356783919598,0.9481087554502045,0.9481087554502045,0.9481226237362236,0.948123024193768,0.9481087554502045
18,4.522613065326633,0.9444181425530203,0.9444181425530203,0.9444339006944086,0.9444343557184426,0.9444181425530203
19,4.773869346733668,0.9406485444842889,0.9406485444842889,0.9406663384771384,0.9406668522822617,0.9406485444842889
20,5.025125628140703,0.9367986577542757,0.9367986577542757,0.936818638075659,0.9368192150057444,0.9367986577542756
21,5.276381909547738,0.932867177471657,0.932867177471657,0.9328894991167577,0.9328901436460205,0.9328671774716569
22,5.527638190954773,0.9288527986099812,0.9288527986099812,0.9288776211235997,0.9288783378575055,0.9288527986099812
23,5.7788944723618085,0.9247542173500037,0.9247542173500037,0.9247817048519666,0.9247824985279621,0.9247542173500037
24,6.030150753768844,0.920570132500512,0.920570132500512,0.9206004537044874,0.9206013291925426,0.920570132500512
25,6.281407035175879,0.9162992470002607,0.9162992470002607,0.9163325752254641,0.9163335375284084,0.9162992470002607
26,6.532663316582914,0.9119402695036356,0.9119402695036356,0.9119767826788867,0.9119778369325254,0.9119402695036355
27,6.783919597989949,0.9074919160526529,0.9074919160526529,0.9075317967122227,0.9075329481852165,0.9074919160526528
28,7.035175879396984,0.9029529118378782,0.9029529118378782,0.9029963471085444,0.9029976012020348,0.9029529118378781
29,7.2864321608040195,0.8983219930508188,0.8983219930508188,0.8983691746295245,0.8983705368764904,0.8983219930508188
30,7.537688442211055,0.8935979088302989,0.8935979088302989,0.89364903295179,0.8936505090161133,0.8935979088302988
31,7.78894472361809,0.8887794233052685,0.8887794233052685,0.8888346906990626,0.8888362863742876,0.8887794233052684
32,8.040201005025125,0.8838653177364312,0.8838653177364312,0.8839249335724501,0.8839266547802158,0.8838653177364312
33,8.29145728643216,0.878854392758986,0.878854392758986,0.8789185665811639,0.8789204193692908,0.878854392758986
34,8.542713567839195,0.8737454707286805,0.8737454707286805,0.8738144163758428,0.8738164069160511,0.8737454707286805
35,8.793969849246231,0.8685373981732526,0.8685373981732526,0.8686113336865376,0.8686134682717798,0.8685373981732525
36,9.045226130653266,0.8632290483512027,0.8632290483512027,0.8633081958672859,0.863310480908668,0.8632290483512026
37,9.2964824120603,0.8578193239196802,0.8578193239196802,0.8579039095490395,0.8579063515723142,0.8578193239196802
38,9.547738693467336,0.8523071597130901,0.8523071597130901,0.8523974134025426,0.8524000190441465,0.85230715971309
39,9.798994974874372,0.8466915256338269,0.8466915256338269,0.8467876810125492,0.8467904570151659,0.8466915256338268
40,10.050251256281406,0.8409714296563168,0.8409714296563168,0.8410737238645525,0.8410766770721765,0.8409714296563167
41,10.30150753768844,0.8351459209452999,0.8351459209452999,0.8352545944449509,0.8352577317974295,0.8351459209452999
42,10.552763819095476,0.8292140930890081,0.8292140930890081,0.8293293894552969,0.8293327179823271,0.8292140930890078
43,10.804020100502512,0.8231750874475858,0.8231750874475858,0.8232972531409783,0.823300779955535,0.8231750874475857
44,11.055276381909547,0.8170280966167729,0.8170280966167729,0.8171573807343446,0.8171611130255164,0.8170280966167727
45,11.306532663316581,0.8107723680064899,0.8107723680064899,0.8109090220119294,0.8109129670371394,0.8107723680064898
46,11.557788944723617,0.8044072075335811,0.8044072075335811,0.8045514849650252,0.8045556500416134,0.804407207533581
47,11.809045226130653,0.7979319834275217,0.7979319834275217,0.7980841395824347,0.7980885320785789,0.7979319834275216
48,12.060301507537687,0.791346130147436,0.791346130147436,0.7915064217437582,0.7915110490687106,0.7913461301474359
49,12.311557788944722,0.7846491524082583,0.7846491524082583,0.78481783722107,0.7848227068146904,0.784649152408258
50,12.562814070351758,0.777840629313325,0.777840629313325,0.7780179657863028,0.7780230851078642,0.7778406293133248
51,12.814070351758794,0.7709202185900983,0.7709202185900983,0.7711064654210692,0.7711118419373176,0.7709202185900983
52,13.065326633165828,0.7638876609250915,0.7638876609250915,0.7640830766250308,0.7640887177974811,0.7638876609250913
53,13.316582914572862,0.756742784393395,0.756742784393395,0.7569476268182639,0.7569535400897113,0.7567427843933948
54,13.567839195979898,0.749485508977492,0.749485508977492,0.7497000348323547,0.7497062276125905,0.7494855089774918
55,13.819095477386934,0.7421158511692837,0.7421158511692837,0.7423403154842171,0.7423467951349295,0.7421158511692834
56,14.070351758793969,0.7346339286484499,0.7346339286484499,0.7348685842258169,0.7348753580446681,0.7346339286484497
57,14.321608040201003,0.7270399650294135,0.7270399650294135,0.7272850618621564,0.7272921370660248,0.7270399650294133
58,14.572864321608039,0.7193342946682859,0.7193342946682859,0.71959007932898,0.7195974630363601,0.7193342946682856
59,14.824120603015075,0.7115173675202275,0.7115173675202275,0.7117840825207352,0.71179178173329,0.7115173675202273
60,15.07537688442211,0.7035897540366733,0.7035897540366733,0.7038676371583401,0.7038756587416057,0.703589754036673
61,15.326633165829143,0.6955521500908384,0.6955521500908384,0.695841433685298,0.695849784348541,0.6955521500908382
62,15.57788944723618,0.6874053819188525,0.6874053819188525,0.6877062921796306,0.687714978454863,0.6874053819188521
63,15.829145728643216,0.6791504110627488,0.6791504110627488,0.6794631672679979,0.6794721954881622,0.6791504110627484
64,16.08040201005025,0.6707883393003842,0.6707883393003842,0.6711131530272336,0.6711225293035687,0.6707883393003838
65,16.331658291457284,0.6623204135461714,0.6623204135461714,0.6626574878573424,0.6626672180559499,0.662320413546171
66,16.58291457286432,0.6537480307052828,0.6537480307052828,0.6540975593087912,0.6541076490264263,0.6537480307052825
67,16.834170854271356,0.6450727424627264,0.6450727424627264,0.6454349088456899,0.6454453633848055,0.6450727424627261
68,17.08542713567839,0.636296259987416,0.636296259987416,0.6366712365251807,0.6366820608682598,0.6362962599874157
69,17.336683417085425,0.6274204585300545,0.6274204585300545,0.6278084055720718,0.6278196043552898,0.627420458530054
70,17.587939698492463,0.6184473818923366,0.6184473818923366,0.6188484468264515,0.618860024312714,0.6184473818923363
71,17.839195979899497,0.6093792467436514,0.6093792467436514,0.609793563040697,0.6098055230921109,0.609379246743651
72,18.09045226130653,0.6002184467601411,0.6002184467601411,0.6006461330009961,0.6006584790508325,0.6002184467601408
73,18.341708542713565,0.5909675565596633,0.5909675565596633,0.591408715447184,0.5914214504714047,0.5909675565596628
74,18.5929648241206,0.5816293354048985,0.5816293354048985,0.5820840527634203,0.5820971792518446,0.581629335404898
75,18.844221105527637,0.5722067306455861,0.5722067306455861,0.5726750744109722,0.5726885943381675,0.5722067306455858
76,19.09547738693467,0.5627028808696345,0.5627028808696345,0.5631849000731461,0.5631988148691409,0.562702880869634
77,19.346733668341706,0.5531211187316797,0.5531211187316797,0.5536168424812513,0.5536311530021685,0.5531211187316792
78,19.597989949748744,0.5434649734265592,0.5434649734265592,0.5439744098893684,0.5439891163880941,0.5434649734265588
79,19.849246231155778,0.5337381727741319,0.5337381727741319,0.5342613081646788,0.5342764102616869,0.5337381727741314
80,20.100502512562812,0.5239446448809467,0.5239446448809467,0.5244814424591774,0.5244969391136389,0.5239446448809462
81,20.351758793969847,0.5140885193434421,0.5140885193434421,0.5146389184277763,0.5146548079090957,0.5140885193434417
82,20.60301507537688,0.5041741279566713,0.5041741279566713,0.5047380429571215,0.5047543228170461,0.5041741279566707
83,20.85427135678392,0.49420600489200495,0.49420600489200495,0.494783324368896,0.4947999914143601,0.49420600489200417
84,21.105527638190953,0.4841888863069027,0.4841888863069027,0.484779472061021,0.48479652232788906,0.484188886306902
85,21.356783919597987,0.47412770934965964,0.47412770934965964,0.47473139554996724,0.4747488242778548,0.4741277093496591
86,21.608040201005025,0.464027610522073,0.464027610522073,0.46464420287742536,0.46466200448578193,0.4640276105220725
87,21.85929648241206,0.45389392336324275,0.45389392336324275,0.45452319834482713,0.45454136641047493,0.4538939233632421
88,22.110552763819094,0.44373217541824084,0.44373217541824084,0.44437387953972274,0.4443924067760502,0.4437321754182401
89,22.361809045226128,0.43354808445620013,0.43354808445620013,0.4342019336187983,0.43422081185681927,0.43354808445619947
90,22.613065326633162,0.4233475539034711,0.4233475539034711,0.4240132328134016,0.4240324529848912,0.42334755390347034
91,22.8643216080402,0.41313666745893785,0.41313666745893785,0.4138138291248464,0.41383338124777413,0.4131366674589372
92,23.115577889447234,0.4029216828603686,0.4029216828603686,0.4036099481785114,0.40362982134499614,0.40292168286036795
93,23.36683417085427,0.392709024772829,0.392709024772829,0.3934079822078664,0.39342816457487617,0.39270902477282826
94,23.618090452261306,0.38250527677273477,0.38250527677273477,0.38321448214205234,0.3832349609250804,0.3825052767727341
95,23.86934673366834,0.37231717240408563,0.37231717240408563,0.3730361487735573,0.37305691024349946,0.37231717240408496
96,24.120603015075375,0.36215158528680064,0.36215158528680064,0.3628798229858483,0.36290085246931036,0.3621515852867999
97,24.37185929648241,0.3520155182609266,0.3520155182609266,0.35275247502460383,0.3527737569078596,0.352015518260926
98,24.623115577889443,0.3419160915547698,0.3419160915547698,0.3426611928004062,0.34268271053722443,0.3419160915547692
99,24.87437185929648,0.3318605299697766,0.3318605299697766,0.3326131692154424,0.33263490533899165,0.331860529969776
100,25.125628140703515,0.32185614908022203,0.32185614908022203,0.3226156885119243,0.3226376246509548,0.3218561490802212
101,25.37688442211055,0.3119103404514803,0.3119103404514803,0.31267611164555986,0.3126982285450507,0.3119103404514797
102,25.628140703517587,0.3020305558868501,0.3020305558868501,0.30280186069351955,0.3028241382399599,0.3020305558868494
103,25.87939698492462,0.2922242907195545,0.2922242907195545,0.29300040231289104,0.29302281956435305,0.2922242907195539
104,26.130653266331656,0.2824990661736544,0.2824990661736544,0.2832792302726383,0.2833017654937708,0.28249906617365356
105,26.38190954773869,0.2728624108251526,0.2728624108251526,0.2736458470895147,0.27366847779156966,0.27286241082515184
106,26.633165829145725,0.2633218412025192,0.2633218412025192,0.2641077448062285,0.2641304477922024,0.26332184120251845
107,26.884422110552762,0.25388484157417607,0.25388484157417607,0.25467238495836775,0.2546951363733098,0.2538848415741754
108,27.135678391959797,0.2445588429791328,0.2445588429791328,0.24534717778513343,0.24536995317164298,0.24455884297913205
109,27.38693467336683,0.23535120156587536,0.23535120156587536,0.2361394607477415,0.23616223510663728,0.23535120156587458
110,27.63819095477387,0.22626917631374746,0.22626917631374746,0.2270564764283871,0.22707922428449626,0.2262691763137467
111,27.889447236180903,0.2173199062203335,0.2173199062203335,0.21810534989184296,0.21812804536481312,0.2173199062203328
112,28.140703517587937,0.20851038704769212,0.20851038704769212,0.20929306560100805,0.20931568248100554,0.20851038704769137
113,28.39195979899497,0.19984744772960825,0.19984744772960825,0.20062644398696508,0.20064895581507164,0.19984744772960758
114,28.643216080402006,0.19133772655121797,0.19133772655121797,0.19211211778321238,0.19213449793628776,0.19133772655121728
115,28.894472361809044,0.18298764722132133,0.18298764722132133,0.1837565082426436,0.1837787300223705,0.18298764722132063
116,29.145728643216078,0.17480339496631944,0.17480339496631944,0.17556580136441613,0.17558783809019107,0.17480339496631858
117,29.396984924623112,0.16679089278284745,0.16679089278284745,0.16754592426595846,0.1675677493712426,0.16679089278284667
118,29.64824120603015,0.1589557779937308,0.1589557779937308,0.1597025218429077,0.15972410897459402,0.15895577799373017
119,29.899497487437184,0.15130337925868675,0.15130337925868675,0.15204093386656997,0.15206225698687598,0.1513033792586861
120,30.15075376884422,0.14383869419712453,0.14383869419712453,0.1445661726744592,0.14458720616479984,0.1438386941971238
121,30.402010050251253,0.13656636778529854,0.13656636778529854,0.13728290161442525,0.1373036203806692,0.13656636778529788
122,30.653266331658287,0.12949067169379774,0.12949067169379774,0.13019541440668578,0.1302157939851536,0.12949067169379702
123,30.904522613065325,0.12261548473376614,0.12261548473376614,0.12330761559060575,0.12332763225411958,0.12261548473376555
124,31.15577889447236,0.11594427458121137,0.11594427458121137,0.11662300222415352,0.11664263308741048,0.11594427458121075
125,31.407035175879393,0.10948008094811468,0.10948008094811468,0.11014464700349551,0.11016387012699769,0.109480080948114
126,31.65829145728643,0.1032255003667061,0.1032255003667061,0.1038751829680306,0.10389397745977626,0.1032255003667055
127,31.909547738693465,0.09718267274907144,0.09718267274907144,0.09781678995219743,0.09783513606631028,0.09718267274907087
128,32.1608040201005,0.09135326987813337,0.09135326987813337,0.09197118293951873,0.09198906217097945,0.0913532698781328
129,32.41206030150754,0.0857384859779107,0.0857384859779107,0.08633960246649029,0.08635699764112123,0.08573848597791012
130,32.66331658291457,0.08033903050074244,0.08033903050074244,0.08092280721401843,0.08093970257287537,0.08033903050074194
131,32.914572864321606,0.0751551232568379,0.0751551232568379,0.07572106891211872,0.07573745018945204,0.0751551232568374
132,33.16582914572864,0.0701864919970852,0.0701864919970852,0.07073416966951798,0.07075002416348523,0.07018649199708472
133,33.417085427135675,0.06543237254351898,0.06543237254351898,0.06596140182364355,0.0659767184589861,0.06543237254351843
134,33.66834170854271,0.06089151154331147,0.06089151154331147,0.06140157038833649,0.061416339770275,0.06089151154331103
135,33.91959798994974,0.05656217190166982,0.05656217190166982,0.057052998156538505,0.05706721261519491,0.056562171901669414
136,34.17085427135678,0.05244214092676299,0.05244214092676299,0.05291353349334477,0.05292718711806253,0.052442140926762526
137,34.42211055276382,0.0485287411959314,0.0485287411959314,0.048980560831333994,0.048993649494345176,0.04852874119593095
138,34.67336683417085,0.04481884412716017,0.04481884412716017,0.04525101385519989,0.04526353522417313,0.04481884412715975
139,34.92462311557789,0.04130888621340116,0.04130888621340116,0.04172139133667439,0.04173334487577703,0.041308886213400814
140,35.175879396984925,0.03799488785009703,0.03799488785009703,0.03838777555383761,0.038399162513050644,0.03799488785009666
141,35.427135678391956,0.03487247465852596,0.03487247465852596,0.03524585320147483,0.035256676594016274,0.03487247465852562
142,35.678391959798994,0.03193690117973587,0.03193690117973587,0.032290938671548496,0.03230120323938325,0.03193690117973554
143,35.929648241206024,0.029183076786255657,0.029183076786255657,0.029517999555478163,0.029527711723022265,0.029183076786255358
144,36.18090452261306,0.026605593631895477,0.026605593631895477,0.026921684193191197,0.026930852009452222,0.026605593631895203
145,36.4321608040201,0.024198756434224557,0.024198756434224557,0.0244963510682658,0.024504984137796056,0.0241987564342243
146,36.68341708542713,0.021956613860189204,0.021956613860189204,0.02223609982436783,0.022244209227544654,0.02195661386018895
147,36.93467336683417,0.019872991263274842,0.019872991263274842,0.02013480365605745,0.020142401859339423,0.019872991263274603
148,37.1859296482412,0.017941524501069155,0.017941524501069155,0.018186142807341567,0.018193243564278535,0.01794152450106893
149,37.43718592964824,0.016155694545477,0.016155694545477,0.016383638894507977,0.01639025713840843,0.01615569454547677
150,37.688442211055275,0.014508862584587568,0.014508862584587568,0.01472068975620896,0.014726841485481642,0.014508862584587388
151,37.939698492462306,0.012994305305651103,0.012994305305651103,0.013190604523814455,0.01319630668110563,0.01299430530565093
152,38.19095477386934,0.011605250043110901,0.011605250043110901,0.011786638599064906,0.011791908945401173,0.011605250043110736
153,38.44221105527638,0.01033490947440523,0.01033490947440523,0.010502028224263424,0.010506885209485067,0.010334909474405074
154,38.69346733668341,0.009176515549481772,0.009176515549481772,0.009330024332854485,0.00933448696367962,0.009176515549481625
155,38.94472361809045,0.008123352347762331,0.008123352347762331,0.00826392537535109,0.00826801308244772,0.008123352347762217
156,39.19597989949749,0.007168787568666674,0.007168787568666674,0.007297108827218306,0.007300841332677411,0.007168787568666546
157,39.44723618090452,0.0063063023786719425,0.0063063023786719425,0.006423061101433151,0.006426458288029829,0.006306302378671837
158,39.698492462311556,0.0055295193590763,0.0055295193590763,0.005635405608859264,0.005638487392461167,0.005529519359076202
159,39.94974874371859,0.004832228323871841,0.004832228323871841,0.004927928734039852,0.00493071494047182,0.004832228323871755
160,40.201005025125625,0.004208409806044946,0.004208409806044946,0.004294603522169655,0.0042971137697713595,0.004208409806044868
161,40.45226130653266,0.003652256042748494,0.003652256042748494,0.0037296109044140367,0.003731864493434706,0.003652256042748423
162,40.70351758793969,0.003158189324578625,0.003158189324578625,0.003227358322864748,0.0032293741327271306,0.0031581893245785603
163,40.95477386934673,0.0027208776110187252,0.0027208776110187252,0.0027824956526565233,0.002784292047992321,0.002720877611018672
164,41.20603015075376,0.0023352473522982105,0.0023352473522982105,0.0023899283564427854,0.002391523102658381,0.0023352473522981606
165,41.4572864321608,0.0019964934967207767,0.0019964934967207767,0.0020448278448274974,0.0020462380338016487,0.001996493496720734
166,41.70854271356784,0.0017000867011887097,0.0017000867011887097,0.001742639054724449,0.0017438810410752286,0.0017000867011886644
167,41.95979899497487,0.0014417778004128733,0.0014417778004128733,0.0014790852952031356,0.0014801746433907197,0.0014417778004128337
168,42.211055276381906,0.0012175996263979092,0.0012175996263979092,0.0012501704464325635,0.0012511218887925073,0.0012175996263978726
169,42.462311557788944,0.0010238663034997566,0.0010238663034997566,0.0010521786311237578,0.0010530060367554509,0.001023866303499732
170,42.713567839195974,0.0008571701749977326,0.0008571701749977326,0.0008816715087279037,0.0008823878629987299,0.0008571701749977129
171,42.96482412060301,0.0007143765441058286,0.0007143765441058286,0.0007354833699636884,0.0007361007642344354,0.0007143765441058108
172,43.21608040201005,0.0005926164351604694,0.0005926164351604694,0.0006107142325090884,0.0006112438635442287,0.0005926164351604541
173,43.46733668341708,0.000489277598963907,0.000489277598963907,0.0005047211574861664,0.0005051733358857728,0.0004892775989638944
174,43.71859296482412,0.00040199399965347714,0.00040199399965347714,0.00041510802039616,0.00041549218727805607,0.00040199399965346424
175,43.96984924623115,0.00032863402885409144,0.00032863402885409144,0.0003397139792553122,0.00034003873032770703,0.0003286340288540804
176,44.22110552763819,0.00026728769623527495,0.00026728769623527495,0.0002766008867993202,0.0002768740028975425,0.00026728769623526546
177,44.472361809045225,0.0002162530440479019,0.0002162530440479019,0.00022403989285719092,0.00022426837597386,0.00021625304404789423
178,44.723618090452256,0.00017402202700059864,0.00017402202700059864,0.00018049747756229153,0.00018068759137843842,0.00017402202700059216
179,44.97487437185929,0.00013926608831184463,0.00013926608831184463,0.0001446211463072001,0.00014477846023212355,0.00013926608831183945
180,45.226130653266324,0.00011082164840650202,0.00011082164840650202,0.00011522500370379771,0.00011535443945248966,0.00011082164840649769
181,45.47738693467336,8.767570506853393e-05,8.767570506853393e-05,9.127540681510285e-05,9.13812865924239e-05,8.767570506853114e-05
182,45.7286432160804,6.895172353701707e-05,6.895172353701707e-05,7.187687818555e-05,7.196297360364135e-05,6.895172353701437e-05
183,45.97989949748743,5.389597270720763e-05,5.389597270720763e-05,5.6258437365262675e-05,5.6328018292478636e-05,5.389597270720543e-05
184,46.23115577889447,4.186443996189631e-05,4.186443996189631e-05,4.3760486380547425e-05,4.381636900351851e-05,4.186443996189445e-05
185,46.482412060301506,3.2310432897508083e-05,3.2310432897508083e-05,3.382236062832372e-05,3.3866954100641365e-05,3.23104328975067e-05
186,46.73366834170854,2.477295198646542e-05,2.477295198646542e-05,2.5970632626467695e-05,2.6005983774670057e-05,2.477295198646432e-05
187,46.984924623115575,1.886589464763898e-05,1.886589464763898e-05,1.9808232552464855e-05,1.9836068209541806e-05,1.886589464763811e-05
188,47.23618090452261,1.4268128830557296e-05,1.4268128830557296e-05,1.5004427105444125e-05,1.5026193740917965e-05,1.4268128830556611e-05
189,47.48743718592964,1.0714453526367158e-05,1.0714453526367158e-05,1.128567741056489e-05,1.1302577821756808e-05,1.0714453526366624e-05
190,47.73869346733668,7.987444977756671e-06,7.987444977756671e-06,8.427377840239591e-06,8.44040475920009e-06,7.987444977756275e-06
191,47.98994974874371,5.910171051211308e-06,5.910171051211308e-06,6.24646104784862e-06,6.256427600699306e-06,5.910171051210993e-06
192,48.24120603015075,4.339742437457583e-06,4.339742437457583e-06,4.594840391249172e-06,4.6024074198408234e-06,4.339742437457352e-06
193,48.49246231155779,3.1616581404816686e-06,3.1616581404816686e-06,3.353649362302876e-06,3.3593496810983285e-06,3.1616581404814945e-06
194,48.74371859296482,2.2848940901642175e-06,2.2848940901642175e-06,2.4282286388088125e-06,2.4324883521689455e-06,2.2848940901640875e-06
195,48.994974874371856,1.637677573294423e-06,1.637677573294423e-06,1.7438048567021227e-06,1.7469619031374882e-06,1.637677573294333e-06
196,49.24623115577889,1.1638863565514306e-06,1.1638863565514306e-06,1.2418010108499084e-06,1.2441211315504352e-06,1.1638863565513624e-06
197,49.497487437185924,8.200096503147105e-07,8.200096503147105e-07,8.767163213343911e-07,8.784066710005566e-07,8.200096503146624e-07
198,49.74874371859296,5.726081698131093e-07,5.726081698131093e-07,6.135131941691821e-07,6.147338237066497e-07,5.726081698130747e-07
199,50.0,3.962122001463431e-07,3.962122001463431e-07,4.2545027795524536e-07,4.2632372204466577e-07,3.9621220014631283e-07
