,reference_capacity
EX00253,0.0026262357994598245
EXC0161,0.01783682312637368
TCE5369,0.01726648901216786
TCE5368,1e-06
TCE5361,0.08026570406868082
TCE5360,0.07020095597380324
TCE5363,0.10234100744252826
TCE5362,0.014201950371132071
RM01360,2.5760738878470315
TCE5364,1e-06
TCE5367,0.0992357879251337
TCE5366,1e-06
EX02512,0.09652273706754928
RC02493,2.0000000000000005e-05
RC02497,1e-06
TCE0424,0.020968158501039835
RC02543,0.008799773325922508
RC02017,0.715728579189097
RC02016,0.7208469156228905
RC05916,0.005226596683034643
RC02019,0.7152876947895296
RC02018,0.717875068784171
RC03542,0.3030742209413335
RC00899,1.2842512650988949
RC03660,0.013205435671528149
RC00893,0.017266489012167867
RC00897,0.7705767590593592
RC00895,0.7794205118182056
RC00894,1.2842512650989184
RC07209,1e-06
RM03856,1.8829943622106144
RM03857,1.8893516893794213
RM03858,0.17675772918203686
RM03524,0.09652273706754684
RC00945,1000.0
RC00946,0.23780648356854836
RC00941,0.5268414307035206
RC00943,998.0166404387724
EX00486,1e-06
TCE0333,0.08878562049141327
TCE0332,1e-06
RC03302,999.9999999999999
RC04463,0.07576855523550623
RC03300,1000.0
TCE0338,0.05464003224057795
RC00939,1000.0
RC00306,1e-06
EX04598,0.008787638874826222
RC04311,0.26762003558010133
RC03665,0.025907604436773802
RC04313,0.007871337013692251
RM03293,1000.0000000000002
RM03291,1000.0
RC03161,1e-06
RM03989,1.8829943622145033
RC03664,0.0026629955749144073
RM03451,0.00787133701369225
RCC0102,0.5150640706083094
RCC0103,0.15139243489623053
RCC0101,0.2031845836754786
RCC0106,0.0017870188641916727
RCC0107,0.008855653442012792
RCC0104,0.1375983498323597
RC01121,0.05198011336082406
RC01920,0.03193507754420729
RCC0108,0.10328520261311488
RC01923,0.14818283828137732
RC05052,0.29705534758731533
RC01926,2.5685025301734354
RC00417,0.5334433821257049
RC00416,2.5742534312347534
RC01126,2.589303376188123
RM02300,1.9263768976274307
RC00093,2.579899316075428
DMN0032,0.0017870188641916727
DMN0031,0.008439677857711145
DMN0030,0.001141893358137906
RCC0213,0.01783682312632145
DMN0035,0.021173393878416116
DMN0034,0.03193507754398034
DMN0039,0.004540637501208801
DMN0038,1e-06
RCC0218,0.014649253974397178
RCC0219,0.01464925397462064
RC01855,2.5685025302081557
RC01321,2.5725680792413836
RC01326,0.031289636878279625
EX00001,1.3947685059212855
RCC0078,0.011660527442942423
RCC0079,0.8561675100634311
RCC0076,7.174152096639616e-06
EX00344,0.006041908547663722
RCC0074,0.01726648901216786
EX00346,0.12464955614686832
RCC0072,0.20449373915559144
RCC0073,0.17283283927796295
RCC0070,0.10363151499637936
RCC0071,0.20449373915603064
RC00529,1.284251265105303
TCM0144,0.3604163027831469
TCE5365,0.09103836591581009
RC00527,0.3669289328828651
RC00525,0.0024099506500189377
TCE0795,1e-06
DGR0017,0.0008331
DGR0016,0.0008331000000000205
DGR0015,0.0008331
DGR0014,0.0008330999999999999
DGR0013,0.0008331
DGR0012,0.0027377000000000005
DGR0011,0.0027377
DGR0010,0.009974500000000002
RC06259,0.005290595478490086
RC06258,0.005290595478668527
DGR0019,0.009691494375200001
DGR0018,0.009691494375200001
RC01218,1000.0
TCE6001,1e-06
TCE6002,1e-06
TCM0212,1000.0
RM00216,3.852753795275672
TCM0210,0.12735937426124871
TCM0216,1e-06
TCM0217,1000.0
RC00631,0.26570715829553754
TCM0215,1e-06
TCM0218,1e-06
TCM0219,1e-06
RC05050,0.4290799465128886
EX00295,0.1126144067092974
EX00294,0.049469677691540884
EX00577,0.09923578792527635
BIO0104,0.06906495505834935
BIO0105,0.06702058170535509
BIO0106,0.06660789389867854
BIO0107,0.0693836999314163
BIO0100,0.06921161473027343
BIO0101,0.07029389168039678
BIO0102,0.06923687548606189
BIO0103,0.07072940980391511
EX00124,0.05464003224074015
EX00127,0.008633244506083944
EX00121,1e-06
EX00123,0.010286614105372871
EX00122,0.11675011500642257
RM00371,1000.0
EX00906,0.07020095597276875
TCM0108,1e-06
TCM0109,1000.0
TCM0106,0.047119381231653934
TCM0107,1e-06
TCM0104,1000.0
TCM0105,1000.0
TCM0101,1000.0
EX00575,0.047382581146933264
TCE0658,1e-06
EX00212,0.04898019391784548
RC02222,0.1114268116387527
EX00631,0.1306018235695516
EX00632,0.0026262357994502558
RC09845,1.4348304193012063e-05
RC09844,2.1522456289892146e-05
TCE5376,0.01726648901216082
TCE5377,1e-06
TCE5374,0.36692893288912093
TCE5375,0.047382581146661704
TCE5372,0.11910612414476579
TCE5373,7.638652622605323e-05
TCE5370,0.10412848095361177
TCE5371,0.30822030361887987
TCE5378,0.005464613878062354
TCE5379,0.005776104358700421
TCE0788,0.05032235948502519
RM04188,0.07228213037968226
TCE1309,0.0634529406668128
TCE1308,0.08795899384272962
TCE1307,0.00787133701369225
TCE1306,0.2178007075510209
TCE1305,0.05871764658719974
TCE1304,1000.0000000000002
TCE1303,0.06490284905297981
RM00199,1.9397808377483228
TCE1301,1.4648369300980426
TCE1300,0.12788965582543046
EX06001,1e-06
EX02076,0.04768584631930314
RC02173,0.002626235799459825
RC02484,0.7227183530419682
RC02485,0.5703342454105804
TCE0430,2.0000000000000005e-05
RM08505,1e-06
RMC0058,0.1567958022194466
RMC0054,0.017266489012167867
RC03018,2.0000000000000005e-05
RC02003,0.004621046327058428
RM04742,0.17759082918200966
RC02556,1.309865019928093
RC02557,1.307807646346284
RC00888,0.00472209781209261
RM01648,0.5334433821276048
RC03755,2.568502530197781
TCE5069,2.0000000000000005e-05
RC00885,0.05233745711974844
RC07218,1e-06
TCE5066,2.0000000000000005e-05
EX02679,0.0008331
RC07211,0.004682790365505363
RC07212,0.007573851998319216
RC07213,0.0026262357994598254
TCE0544,0.10234677117633824
RC05577,0.030783748261164062
RC03681,25.68502530194586
RC00959,2.5583633031640685
TCE1137,0.13060182356938269
EX04853,0.01160930989923363
RC07387,0.24079711220605238
RC03376,0.00031394127340238746
TCE0329,0.01595404157178416
EX00208,1e-06
RC04262,1e-06
RC01054,0.6449748290173103
EX04722,1e-06
RC08539,1000.0
RC04321,0.26570715829634234
RC04323,0.0026262357994598254
RC04325,1000.0
RC04326,1000.0000000000001
RM00261,0.5334433821268281
RC01051,1e-06
EX05455,1e-06
RC01132,2.5685025302010986
RC01130,2.589303376215244
RC01137,2.568101119708026
EX00178,0.07682368766895971
RC01135,2.568502530184269
RC01134,2.5876868000761917
RC01138,2.568502530189435
RC04742,0.12692993512943845
RC05692,0.004722097812099752
RM03646,0.004663323750841748
RC03991,0.1328535791481664
RM03648,0.0033801128773605013
DMN0020,0.5334433821276519
DMN0021,0.017266489012167874
DMN0022,0.0004389000000000002
DMN0023,0.00043890000000000064
DMN0024,0.0006250000000000001
DMN0025,2.0000000000000005e-05
DMN0026,1e-06
DMN0027,1e-06
RC00089,2.5685025301904227
RMC0126,0.13060182356939987
RC01863,2.6037084199743354
RC09085,2.5794408031659426
RC01681,0.008633244506083937
RC01682,0.01726648901216787
RCC0009,0.01726648901216786
RC01049,2.5708148520172993
EX00352,0.05378494050095493
RCC0001,1000.0
RC01041,1000.0
EX00355,0.007573851998319211
TCE1297,0.11937112847305734
RM00513,1.9263768976512818
RC04496,7.174152096637768e-06
DGR0004,0.027134959320800008
DGR0005,0.012921200000000002
DGR0006,0.10000000000000002
DGR0007,0.10000000000000002
DGR0001,0.5037126000000001
DGR0002,0.06360310000000002
DGR0003,0.009974500000000002
RM08759,1e-06
DGR0008,0.5037126000000001
DGR0009,0.06360310000000001
RC01269,0.002626235799459826
RC01268,0.8599664386905467
RC01262,2.5685025301991775
RC01595,0.011834565165918473
RC01266,0.5334433821269114
EXC0152,1e-06
EX00750,0.02117339387864117
RM00209,0.526841430704387
EXC0159,0.014649253974518732
SNK0016,0.02857766670334737
SNK0014,0.005956891595295846
SNK0012,0.05464003224071155
SNK0013,0.027320016120447304
RC01463,1e-06
RC01468,1.2865221963728428
EX00132,1e-06
EX00133,1e-06
RC01665,0.56780577948218
RC01664,0.570334245408829
RC01663,0.5703342454108625
EX00137,0.05464003224089371
EX00134,0.06490284905301348
EX00135,0.002409950650020384
RC08981,2.568502530190091
RM00342,1000.0
RM00344,1.9397808376883023
TCM0173,1.9263768976638784
TCM0172,1000.0
TCM0171,1000.0
TCM0170,1e-06
TCM0177,0.07228213037992404
TCM0176,1.3543263113028796e-05
TCM0175,1000.0
TCM0174,2.0000000328796115e-05
BIO0005,0.02552764782117
BIO0004,0.001352982880142805
BIO0007,0.013448068288609762
BIO0006,0.030960017188420907
BIO0001,0.09546993016129081
BIO0003,0.0156396191441796
BIO0002,0.36135714950549463
BIO0009,0.0048581205288676065
BIO0008,0.010754972595965227
EX01717,0.0026262357994500597
EX01083,0.02732001612037103
TCE0745,1e-06
TCE5093,0.08696289829370306
TCE5092,0.051029851593812604
RM04807,1e-06
TCE5097,1.2842512651438602
TCE5096,0.007573851998319213
RMC0119,0.008855653442066928
RMC0118,0.008855653442012792
RMC0117,0.11391750287916186
RMC0116,0.13060182356796055
RMC0115,0.1767577291815686
RMC0114,0.055837011525310794
RMC0113,0.05583701152592522
RMC0112,0.050035763575101956
RMC0111,0.0631598982840237
RMC0110,0.08111060621611389
TCE5303,2.5685025301753552
TCE5302,0.041710684122418774
TCE5301,0.04853492566840387
TCE5300,0.025884765389356915
RC02367,1e-06
TCE5306,1e-06
TCE5305,1e-06
RC02364,1e-06
TCE5309,1e-06
TCE5308,1e-06
EX01888,0.10412848095396715
EX01885,0.01580453470086896
EX05984,0.08145538003098857
TCE0474,0.011660527442906785
TCM0195,1e-06
TCE1310,1000.0
TCE1311,0.18650967027071957
TCE1312,1000.0
RM00833,1.051272434110213
RC02103,0.7360385658321995
RC02102,2.5708148520160523
RC02101,0.3236750621366283
RC02100,2.568502530197775
RC02107,0.770550759059346
RMC0028,0.004520637501154388
RMC0023,2.0000000000022682e-05
RMC0027,2.000000000000001e-05
RMC0026,0.004576667087702004
RMC0024,2.000000000000001e-05
RM00239,1.9263768976484645
RC05979,0.005290595478628524
TCE0687,1000.0
RC05973,0.005290595478585725
RC05972,0.005290595478628481
TCE5415,2.56850253019786
RC05970,0.005290595478628447
RC07041,0.011660527442906462
RC05976,0.005290595478628449
TCE5411,0.02117339387852192
TCE5410,0.03193507754421433
RC03219,0.0036269556865162187
RC03749,2.5685025301978666
EX00330,0.05032235948502603
RM01655,1000.000000000003
RC02619,0.01726648901227856
RM02050,0.32573243573187044
RM02055,0.5268414307035392
RC03361,1.284251265107598
RC03362,2.568502530159173
RC03363,2.5685025301967546
RC04404,2.5685025301967723
RC05802,2.5685025301516813
TCE0352,0.011834565165870782
RC00328,2.5685025301517057
RC00987,0.0026262357994598254
RC00988,0.0026262357994598254
RC04620,0.05266953985298217
RC08183,0.01183456516598251
RC03181,0.007573851998319213
RC00188,1.2842512651014966
RC01123,0.004621046327032146
RM02301,1.9263768976256845
RC01127,0.07576855523533331
RC00181,2.5701191063571964
RC00183,2.570119106331899
RC00185,2.5685025301933115
TCE5346,1e-06
RC00431,3.8141177135062074
EX15519,1e-06
RC00434,2.5685025301571422
RM03650,0.000827246863633537
RM03651,0.0035986431942068705
RM03656,0.005081959353499917
RM03657,0.007833403239664074
RM03654,0.009033173852001015
RM03655,0.0017012741554742025
RM03658,0.006837747338011972
RM03659,0.0019531238312396873
SNK1002,1e-06
SNK1003,1e-06
DMN0018,0.00011030000000000007
DMN0015,0.007573851998319221
DMN0017,0.00011030000000000005
RC01878,1.2982749797041717
RC01876,2.587269763823327
RC01870,0.42808375503258816
RCC0018,0.007573851998319212
RCC0019,2.611367237979251
RC00507,1.2842512650915074
RCC0010,0.042346787757048046
RC01055,2.568502530170519
RC01056,0.4935741804646323
RC01057,2.620418279977454
RC00509,2.568502530174387
RC00508,2.5685025302861546
RC05578,0.031045407927154104
TCM1291,0.29768437326830127
TCM1290,1000.0
TCM1292,1000.0
RC01903,0.06345294066703618
RC01904,0.7902621460594137
RC01905,0.7902621460543782
RC01909,2.000000000000001e-05
EXC0181,0.012115577972527403
RC01274,2.568502530190254
EXC0141,0.008633244506083935
EXC0142,0.008419352428324419
RC00619,0.00011030000000000004
RM00238,501.2830437247451
RM04203,0.00884753820200364
RM04204,0.00884753820200364
SNK0069,1e-06
RCC0109,0.10274010120788579
RC01470,2.5781940245607857
RM00355,1000.0
RM00351,2.0516063729535134
EX01419,1e-06
EX02470,0.0026262357994598254
TCE5343,0.004682790365505365
TCM0168,1e-06
TCM0169,1e-06
EX00385,0.10801829137629858
EX00387,0.05135461301235301
EX00438,0.10702093875962178
TCM0160,1e-06
TCM0161,1e-06
TCM0162,7.70550759056525
TCM0163,1000.0
TCM0165,1e-06
TCM0167,1e-06
BIO0012,0.01703052098381248
BIO0013,0.008509215940326706
BIO0010,0.07174152096640096
BIO0011,0.020977963788828786
BIO0014,0.008262026461296135
BIO0015,7.174152096634481e-06
EX17339,1e-06
EX01013,1e-06
EX17337,1e-06
EX00354,0.05351046937837152
EX00655,0.05182114459581437
EX00166,0.004682790365505362
RC02778,1.284251265075982
EX00439,0.0024099506500189377
TCE5080,0.042188146843315476
EX00437,0.048575088283601804
RM02918,0.002561648914600699
TCE5083,0.002626235799459813
RMC0108,0.10328520261271477
RMC0109,0.10274010120815813
TCE5086,2.5685025301643742
EX00388,0.0024099506500189364
RMC0104,0.20277651554050935
RMC0105,0.20277651553809342
RMC0106,0.0017870188641916727
RMC0107,0.00885565344201279
RMC0100,0.055837011525019416
RMC0103,0.17123350201194185
TCE5310,1e-06
TCE5311,0.009357345104309031
TCE5312,0.04120592294426217
TCE5313,0.05182114459581047
TCE5314,0.009357345104309037
TCE5315,0.04925574139728528
TCE5316,0.052923722140279204
TCE5317,0.053510469377685776
TCE5318,0.0026262357994598306
TCE5319,0.04066795535576943
RC02976,2.5685025301991122
RC02110,25.685025301890846
RC02978,0.5144815954667075
TCE5504,0.017266489012167877
EX01879,0.08026570406534678
EX05828,1e-06
DMN0033,1e-06
EX00095,0.054867912927009314
EX05356,0.011834565165914655
RC05969,0.0052905954786284
TCE5408,0.06490284905297822
TCE5409,2.5687799301978678
RM01248,1.8873916856662596
TCE5404,0.009357345104309038
TCE5405,1000.0
RC07050,0.011660527442906856
TCE5407,1.2842512650989508
TCE5400,2.56850253019785
RC02577,0.08375551728905947
TCE5402,2.568502530197859
TCE5403,2.5685025301978395
RM01465,1000.0
RCC0210,0.017836823126373684
RCC0211,0.017836823126373746
TCE0342,1000.0
RC03421,0.5334433821275998
RC03646,0.016565057854187853
RC00332,2.5718362693497867
RC00330,1000.0
RM00751,1000.0000000000002
RC00335,2.5685025301952598
RC04184,1e-06
RC01857,2.568718674292273
RC04183,1e-06
RC08198,0.0802657040685196
RC08193,2.5742534312676906
RC00426,2.568502530171737
RC00424,0.05266953985228122
RM01939,0.007871337013692243
RM02313,0.007871337013692248
RM01931,7.705507590642114
RM03225,1.1007867986568836
EX00266,0.16053140813429082
RC04293,0.002626235799459826
DMN0008,7.638652622605326e-05
RCC0174,0.01677305535099375
DMN0002,4.000000000000002e-05
EX00262,0.10234677117667806
DMN0001,6.000000000000002e-05
DMN0006,7.086526226053224e-06
DMN0007,7.638652622605323e-05
DMN0005,7.086526226053219e-06
RCC0021,0.05123096679739163
RCC0020,0.14993635577890674
RCC0022,2.5685025301916897
RC01802,1.2844053387346446
RC01801,0.006196011639852237
RCC0029,0.0023565691766483043
RC00512,2.5703781685200293
RC00513,2.568502530171132
TCM1284,1000.0
RC00511,2.5777827257709602
TCM1282,1000.0
TCM1283,1000.0
TCM1280,1000.0
TCM1281,1e-06
RC01061,0.5171282914549417
TCM5048,0.12735937426427402
EX18125,1e-06
TCM1288,1000.0
RC01066,0.7295863063551575
EX00546,0.10702093875598288
EX00156,0.007573851998148503
RC00192,1.297407223324036
RCC0179,0.5334433821236251
RC00190,2.568502530149294
RC00191,2.5685025301161346
RC00199,3.8795616753419804
TCM0084,1e-06
DGR0028,0.0135796
DGR0029,9.030000000000003e-05
RC06262,0.005290595478574996
RC06263,0.0052905954785224295
RC06260,0.00529059547852243
RC06261,0.00529059547852243
DGR0022,0.0006462796604000002
DGR0023,0.0006462796604000002
RC06264,0.00529059547852243
DGR0021,0.002969395129600001
EXC0174,0.014375946997042846
RC00602,1e-06
SNK0070,1e-06
SNK0071,1e-06
SNK0074,0.053510469378226296
EXC0050,0.1
RC04996,1e-06
RC01481,0.7902621460546952
RC01641,0.2805105913379503
TCM0154,1e-06
TCM0156,1000.0
TCM0151,1e-06
TCM0150,1e-06
TCM0153,1e-06
RM07411,7.086526226053225e-06
RM07412,7.086526226053219e-06
EX00429,0.1023410074412523
EX00398,0.0026262357994618233
EX00427,0.011660527442861132
EX00422,0.00595689159516426
RC00966,2.5685025301225948
TCE5082,0.027320016120044907
EX05697,1e-06
TCE5084,2.0000000000000005e-05
EX00642,0.0075738519981479275
EX00643,0.0026262357994598254
TCE5085,0.054867912927833114
RC02749,0.7295863064158645
RC02748,1.3098650199085122
RC02740,1000.0
RC02743,1.2842512650771338
RC02297,2.589303376178297
EX06232,0.0006250000000000002
RC02295,2.5685025302142557
RC02746,0.8576814642731596
TCM5095,1000.0
RMC0133,1.0339915645729587
RMC0132,7.170962456689544e-06
TCE0591,1e-06
EX00239,0.04066795535546887
TCE5329,0.07943822258433196
TCE5328,0.007871337013699142
TCE0758,0.004682790365479228
TCE5325,0.044865316833592135
TCE5324,0.04834402208645684
TCE5327,0.0008331
TCE5326,0.002626235799459825
TCE5321,1e-06
TCE5320,0.009357345104309031
TCE5323,6.0000000000000015e-05
TCE5322,0.028691658510572635
RM10151,0.008633244506083935
EX00238,1e-06
RC02902,1e-06
RC02908,0.0026262357994598254
RMC0005,1e-06
RMC0004,7.7866024573902965
RMC0007,1.541101518076667
RMC0006,1.9056826448933455
RMC0001,1000.0
RMC0003,0.5334433821264837
RMC0009,0.017266489012167874
RMC0008,1.8829943621608927
RM01492,2.0000000000000005e-05
RM01251,1.8873916856452235
RM01253,1.8829943621817173
EX02642,0.10234100744036202
RC03720,1e-06
EX01179,0.007573851998149583
EX00197,0.13060182356444922
TCE0374,1e-06
TCE0376,0.013554117369394407
TCE0370,0.008633244506121249
TCE1202,0.5268414306977143
TCE0379,0.7987791138528099
TCE5505,1000.0
RC02124,1000.0
RC03348,0.002626235799457632
TCE0574,2.5685025301273186
TCE5501,666.9284863671129
RM02678,0.0026262357994598245
RC03435,0.6421256325263542
RC04420,0.04234678775642027
RC03430,0.04939427942595495
RC03433,0.049394279425839925
RC03654,0.03478339944623606
RC03655,0.006696651926295326
RC03656,0.018842245734493803
RC03657,0.02886051128774363
RC03650,0.001430389132462271
RC03652,0.011066378592032569
TCM5058,1000.0
TCM5057,0.10328520261227205
RCC0230,0.013149330359354344
TCM5055,0.1306018235691821
TCM5054,0.1027401012077549
RC03658,0.02857720745434162
RC03659,0.004932570753783548
TCM5051,0.055837011526040696
RCC0231,0.014375946997353712
DMN0057,1e-06
EX02737,0.006133867390102901
RM00709,0.8204735849271169
TCM0214,1e-06
EX05122,1e-06
RC04513,2.568502530193894
EX00469,0.1278896558252351
RM05373,1.9263768976453834
RC08723,1e-06
RC00851,2.5757806417283464
RC01108,0.007573851998319214
RC01103,1e-06
RC01100,1e-06
RC01101,1e-06
EX05127,1e-06
RC00291,0.054640032240866505
RC00293,0.024320731225563278
RC04779,2.622721547557627
RC02055,0.5268414307041142
TCM0196,0.047119381231475556
RC04770,2.000000000000001e-05
RC04286,0.048564493572300256
TCM1071,1.913151985752021
EX00299,0.04323497105854524
RC02059,1000.0
TCM1073,1000.0
RCC0250,2.5685025302299467
RC00366,0.7705507590581745
RM02529,0.3604163027785967
EX15520,1e-06
RCC0032,2.1522456289920474e-05
RC01819,0.03513499315797265
RCC0030,0.0023565691766400136
RCC0031,0.002356569176624206
RC01072,0.07576855523520816
RCC0037,0.005290595478589321
RC01070,2.5685025301978497
RCC0038,0.005165793680978792
RCC0039,0.004961461282557115
RC01814,0.0026262357994598254
RC01815,0.007573851998319219
RC01816,0.0026262357994598262
RC05556,0.002356569176633479
RC00078,2.2325000000000004e-05
RM00781,0.017266489012167874
EX00232,1e-06
DMN0100,2.568502530203598
RC01252,0.29705534758930124
RM08781,0.004576667087684254
EX00099,0.11802766382062685
RM04224,0.01420195037113206
TCE7572,0.002626235799459826
EX00094,0.017266489012167863
EX00097,0.01726648901216787
EX00093,0.09396960476280132
TCE1184,0.007871337013692244
RM00258,4.496866233626239
EX00708,1e-06
EX00259,0.06345294066616351
EX00257,1e-06
EX00704,0.002626235799459832
EX00255,0.0004389000000000002
RC00670,0.4290799465137574
EXC0162,0.01314933035932872
EXC0163,0.014375946997253303
EXC0160,0.013149330359264692
EX00250,6.000000000000002e-05
SNK0045,0.04853492566989478
EX00378,0.00011030000000000007
RM08657,1.882994362206117
TCM2002,2.568502530185323
RC01498,2.5685025301888995
RM00335,1.926376897632475
RC01494,2.568502530188856
RC01495,2.5685025301870748
RC01496,2.5685025301874584
RC01497,2.5685025301870725
TCM2004,0.5268414307044094
TCM0143,1e-06
TCM0140,1e-06
TCM0141,0.003598643194206871
RC00703,0.11937112847300918
RC01658,0.004621046327025412
TCM0145,1000.0
TCM0148,1e-06
RC01655,1000.0
EX00379,0.05871764658721877
EX05332,0.004682790365505362
EX05335,2.000000000000001e-05
TCE0518,0.0768236876692057
EX00671,0.00884753820200364
EX00670,0.028691658509362585
RM05577,0.006200389475538053
RM05578,0.006433336713848734
EX00077,0.06490284905215547
EX00075,0.04171068412203032
EX00074,0.13060182356740313
EX00073,0.009357345104309035
EX00072,1e-06
EX00079,0.004682790365505367
EX00078,0.002626235799459825
RC02288,0.0024099506500189372
RMC0122,0.17123350201842497
RMC0123,0.13759834983208347
RMC0120,0.0017870188641916725
RMC0121,0.20277651554312892
TCE1298,0.06345294066694628
TCE0699,0.00026031049520000007
RC02286,0.002409950650018937
TCM0066,1000.0
TCE0697,0.03934255460723627
TCE5406,1.2842512650970939
TCE5338,0.01726648901216786
TCE5339,0.10702093875691548
TCE5332,0.13060182356890074
TCE5333,0.042489682471205104
TCE5330,0.002626235799459827
TCE5331,0.13060182357070949
TCE5336,0.002409950650018937
TCE5337,0.09396960476326086
TCE5334,0.007573851998319222
TCE5335,0.10702093875779727
TCE1185,0.10801829138001531
RC04940,1e-06
TCE1186,0.11675011500936502
TCE1182,0.1786857543680985
EX01613,1e-06
TCE1189,0.002409950650018937
RC02914,0.002409950650018937
RC02918,0.010457167290624257
RMC0012,0.01420195037113207
RMC0013,0.00884753820200364
RMC0011,0.01439244961778441
RMC0016,0.29705534757983515
RMC0014,0.010497572813110376
RMC0015,0.3014526710448136
RCC0123,0.13759834982989644
RC02757,1.2842512651210396
RC02750,1e-06
EX01103,0.04120592294370577
EX00909,0.011834565165668859
TCE0360,0.014033909134808353
TCM0149,1e-06
TCE0368,0.0016662
EXC0135,0.0025702233468661772
TCE5045,1e-06
TCE5046,2.000000000000001e-05
TCE5040,1e-06
TCE5041,1e-06
TCE5042,0.06345294066671453
TCE5043,0.06901898809361687
EX05402,1e-06
RM02661,0.014201950371132059
RC03661,0.023494324551023148
RM02085,0.010286614106684093
RC03663,0.019613287292562023
RC03662,0.019682595597930626
RC03889,0.002626235799024418
TCM5049,0.0558370115249732
TCM5510,1000.0
TCM5047,0.00047889999999934204
TCM5040,1e-06
RC04360,0.26762003558106345
RC03393,0.6421256325494823
RC03394,0.6421256325494525
RC04162,0.24270998949077877
RM03425,2.2339488772116676
RC04560,0.07576855523533287
EX03722,0.00262623579945979
RC03245,0.051980113360910726
RC00847,0.8600434953511483
RC03719,1e-06
RC03718,1e-06
RC00842,1000.0
RC00286,0.7902621460567049
RC00287,2.5685025301976045
RC00289,25.687107714826446
RM07136,0.01726648901216787
RC09394,0.0006250000000000002
TCE0710,0.007573851998319217
RM02530,0.42808375503196766
RM03336,0.007573851998319212
RC01001,0.009357345104309033
RC01000,0.08145538003099322
RC01005,0.015871786435900835
RC01009,0.021162381914342082
RM01868,0.42808375502928775
RC03866,0.011660527442903926
TCE5100,0.006787098793550828
TCE5102,0.009809268532446945
RM03758,0.36041630277995623
RC10633,1000.0
TCE5109,1e-06
EX00089,1e-06
EX00082,0.007573851998319215
EX00080,2.66988123815505
EX00081,0.04853492567008395
RCC0167,0.12692993513000408
RC01711,2.000000000000001e-05
RC01710,2.000000000000001e-05
RM00248,1000.0
RC00669,0.048173288284501306
EX00366,0.11236559669087173
EX00719,0.047119381231337014
DMN0065,0.011660527442939533
EX00249,0.01595404157166929
EXC0053,0.009974500000000002
EX00245,0.017266489012167947
RC00662,2.5685025301988142
RM00243,1000.0
RM00245,1.9308597593264958
EX00242,0.08989247735260547
EX00243,1e-06
RC01393,0.15725525695099293
RC01827,2.605631671563204
RC01397,0.4280837550340212
TCE0346,1e-06
EXC0056,0.0008330999999999998
SNK0056,1e-06
EXC0057,0.0008331000000000001
EX00881,0.04066795535561727
EX01530,0.01403390913480997
EXC0055,0.0008331000000000001
RC10928,0.8561675100697331
EX05100,0.07020095597373036
EX00407,0.008847538202003636
RC00710,1000.0
RC00711,1000.0
RC08707,0.5334433821259639
EX00086,0.011706076183974666
RC00996,1.025803186477444
EX00084,0.15197084244185274
RE10092,1000.0
RC03648,0.010250001884334493
EX00669,0.01726648901216769
EX00064,0.07817876714860392
EX00065,0.13060182356905917
EX00067,0.3669289328833811
EX00061,0.0004389000000000001
EX00062,0.01170607618397468
EX00068,9.030000000000003e-05
EX01595,0.013554117369401795
RMC0155,1.9056826448978472
RMC0154,1.9263768976401503
EX00170,0.009357345104309035
TCE0779,0.04898019391823186
RM01301,0.007573851998319214
TCE0777,1e-06
EX05635,0.002626235799459826
TCE1197,0.0649028490524334
TCE1194,0.09065303047682392
RC02383,0.007573851998319217
RC02382,0.007573851998319215
RC02389,1e-06
TCE0482,0.04066795535546625
TCE0487,0.017266489012168217
TCE0486,1000.0
TCE0484,0.30307422094103414
RC01829,2.622721547591633
RM01278,1.8829943621968397
EX01132,1e-06
EX01137,0.009357345104256672
EX03197,0.08765322090565214
RM00908,0.5479209861149886
RC03416,2.568502530199109
TCE0399,1000.0
TCE0392,1e-06
TCE5071,0.09065303047719359
TCE5070,0.04818549433700567
TCE5073,1e-06
TCE5072,2.0000000000000005e-05
TCE5075,0.004682790365505364
TCE5074,1e-06
TCE5077,0.004682790365505366
TCE5076,0.0046827903655053665
TCE5079,2.000000000000001e-05
TCE5078,0.004682790365505367
RC07396,0.04234678775671698
RC07392,0.04234678775732725
RC08383,1e-06
RC08381,1e-06
RC08388,1e-06
RC07377,0.5268906089896823
RC07372,1e-06
RM01214,0.014201950371132057
RC04176,1000.0
RC04171,0.0026262357994598254
RC07379,0.011535191003486572
RC04173,2.2451054792058507
RC02541,2.5685025302194875
RM02433,0.017266489014065186
RC04571,0.012283645452487812
EX03758,0.007573851998319215
RC00875,2.579440803171691
RC01547,0.7153271686486513
RC00475,1e-06
RC00471,1000.0
TCE0622,1000.0
TCE0825,1e-06
TCE0621,2.000000000021358e-05
RC00278,0.7705507590552914
RC00277,2.0000000000000012e-05
RC00275,0.0013131178997299127
RC00274,0.3993895569194292
RE00548,0.04751161337455898
RC00585,0.15725525695051426
RM00197,0.43082145503439295
RC01010,2.5685025301954
RC01011,2.56850253021575
RC01013,0.2676200355838582
RC01015,0.5971765756087781
RC01016,0.42808375503396345
RC01018,0.0023565691766381353
RM03102,0.007871337013692244
RM03103,0.00787133701369225
RC09036,1e-06
RC09035,1e-06
EX00402,1e-06
RC00010,1.2842512651034597
RC03875,0.23364719148493376
RC00383,2.5685025301931295
TCE0784,0.042662332680410565
TCE1302,0.1519708424418445
EX15610,1e-06
RM00275,0.0013131178997294348
EX00315,0.03193507754433895
RC00650,1.2850595531635314
RC01704,0.5137005060391552
RC00658,2.103646394783815
RC00497,1.2842512650697624
RC00494,2.568502530177315
RE00160,0.04807398568344634
RM00471,1000.0
EX00272,0.048344022087267534
RM00479,2.449795134986853
RC01830,0.2805105913398402
RC01384,0.025884765388016852
EX00183,0.01420195037113206
EX00181,0.06345294066681234
EX00187,1e-06
EX00186,0.11937112847301207
EX00185,1e-06
EX00189,0.11910612414462578
EX00188,0.09065303047757053
EX00473,1e-06
RC00720,1000.0
RC00722,1000.0
EX00475,0.04266233268096505
RCC0172,0.0503191731980005
RC06099,0.005464613878121114
RM00004,0.09786414567885379
RC02957,0.06901898809293036
EX00698,1e-06
EX00696,0.011660527442995129
EX00695,1e-06
RC01528,0.7902621460575262
RC01529,0.5610211826801217
EX00051,0.01726648901216786
TCM0059,7.705507590562321
DMN0009,0.044171422047919906
EX00054,0.047382581147347155
EX00059,0.01726648901216785
EX00058,0.5268414307049556
RC08725,1e-06
TCM0208,1000.0
TCE0766,1e-06
TCE0437,1e-06
RC06364,0.013352853470328826
RM03313,1.9263768976519804
EX14818,7.638652622605323e-05
EX14819,7.638652622605323e-05
RC04929,1e-06
RC04928,1e-06
TCE1169,2.000000000000001e-05
TCE1164,0.08026570406868586
TCE1161,0.1167501150089919
RC02396,1000.0
RC02397,0.007871337013692246
RC07140,1000.0
TCE5401,2.568502530169271
RC02731,2.5685025301718962
RC02732,2.5685025301515365
RC02736,0.7902621460504136
RC02737,1.284251265089045
RC02739,1000.0
RC02640,0.7902621460543721
EX02165,0.011834565165907135
TCE0531,0.010286614105372885
EX00318,0.007871337013534936
TCM1286,0.5334433821270503
TCE0389,0.054640032240876615
RM00533,0.01726648901216787
TCE0384,2.5685025301905484
RC03469,2.568502530199624
TCE0382,0.008847538202003635
RM04753,1.8829943622177363
RM04741,0.17759082918136454
RM04740,0.17675772918136654
RM04743,0.17759082918136646
RC07389,0.24089232702185379
RM04745,0.1781920439656256
RM04744,0.1775908291813668
RM04747,0.17819204396375252
RM04746,0.17819204396583255
RM04749,0.17819204396553565
RM04748,0.17819204396553562
RC07380,0.011535191004036239
TCE0542,0.0026262357994598245
TCE5063,0.08375551728876734
RC07384,0.006349149176600527
RC07385,0.006334011644606394
RM01736,0.4280837550328698
RC01184,0.2914135052828326
EX02763,0.004682790365505366
RC03601,0.7705567590563143
RC01185,1.2842512650517206
RC08505,1e-06
RC04144,0.07576855523532866
RC00867,2.5794408031168077
RC00160,2.5687799301841188
EX05422,1e-06
EX00109,0.09103836591659163
RC00694,0.08696289829396825
EX00108,0.0026262357994598267
RC03269,2.000000000000001e-05
EX00233,1e-06
RC04545,2.5685025302444093
TCM1289,2.5683669387273627
RM00489,0.5268414307042774
RC03970,0.04417142204801356
RC03284,0.007871337013692246
RC03283,0.007871337013692246
RC00267,0.7900856743718871
RC00261,0.5334433821285594
EX00106,0.11298328874065675
TCM5067,0.017266489012167856
TCM5064,0.007871337013694383
TCM5065,0.007871337013692244
TCM5062,0.3257324357132669
TCM5060,0.4280837550259963
TCM5061,1.4348304193281147e-05
RM03172,0.008847538202016404
RC01026,999.9999999999998
RC01021,1.286571374697888
RC01023,1000.0
RC00009,0.3993895569166653
RC00004,2.568502530168664
RM03777,1.8899529041444538
RM03776,1.8829943621905607
RM03778,0.17759082917953473
RC10306,1e-06
RC01281,0.5144815954677929
RC01280,2.5819248127733103
RCC0177,0.00787133701369225
RCC0176,0.0167730564662906
RCC0175,1.5598942513650248e-05
RC00137,2.5685025301643587
RCC0173,0.01677305626466185
RM00267,0.8204735849205284
RCC0171,0.05031917229077626
RCC0170,0.05031917229077631
TCE7728,0.002626235799459824
RC00138,0.04856449357285751
RC01737,1e-06
RCC0178,0.5334433821252579
RC00485,1.3002093439612878
RC09752,1000.0
RC00489,0.5268414307037078
EX00864,2.0000000000000005e-05
TCM0213,1e-06
RC01357,503.87479619390575
EX00191,0.0634529406661379
EX00194,4.000000000000001e-05
RC01600,2.579440803148331
RC01351,0.8561675100569566
RC01602,1000.0
RC00955,2.5685025301486224
TCM0199,1e-06
TCM0198,1e-06
RC00736,0.007573851998319212
TCM0190,7.705507590628586
RC00734,1000.0
TCM0192,0.5479209861096922
RM06985,1.8829943621916767
RC08724,1e-06
TCM0197,1e-06
RC00731,0.0037869259990747878
DGR0026,0.00026031049520000007
DGR0027,0.0135796
DGR0024,0.0006462796604000002
TCE5122,2.5685025301491606
DGR0025,0.00026031049520000007
TCE0441,0.04850910142545117
TCE0440,0.01170607618397468
DGR0020,0.0023231154692000006
TCM0064,998.0132414907695
RC01513,2.2451054791812863
RC01512,0.5171282914483645
RC01514,0.645032621507689
TCM0062,1e-06
RC01518,2.103646394819495
RC04807,1e-06
TCM0069,1000.0
EX00048,0.30822030361930164
EX00049,0.11675011500899185
EX00047,0.007871337013692241
EX00042,0.10702093875824138
EX00041,0.11937112847300971
TCE0772,0.05135461301292352
EX05270,1e-06
TCE0713,2.000000000000001e-05
TCE0712,0.007573851998319216
RC06171,0.09065303047756962
TCE0716,0.10622994781635085
RM04170,0.17759082918204017
EX05787,1e-06
TCE0719,0.08111060621677499
TCE0718,0.009357345104309035
EX02918,0.0026262357994597868
RM02161,1.972924732246836
TCE1179,0.058717646587200745
EX01330,1e-06
TCE5389,0.011660527442906483
TCE5388,2.568502530197783
EX01801,1e-06
TCE5383,0.006068199791272377
TCE5382,0.0060419085476774775
TCE5381,0.0059568915952835
RC07172,0.7705507590593493
TCE5387,2.5685025301977364
TCE5386,0.00944464749988274
TCE5385,2.5685025301978106
TCE5384,2.5685025301978692
RC02099,2.5685025301978612
RC02098,2.5685025301978768
EXC0063,0.0006462796604000001
TCE0627,0.002626235799459825
RC02094,0.035201884391251416
RC02090,2.568718674307724
RC02093,0.03520188439125126
RC02701,0.002626235799459825
RC02251,2.5685025301979123
RC02250,2.568502530197861
RM00927,0.00884753820200364
RC02078,0.007573851998319217
RC05861,1e-06
TCE5019,2.5685025301978976
TCE0533,1.999999999997037e-05
RM04754,1.8893516893795022
TCE5017,0.00011030000000000002
TCE5016,1e-06
RM04751,1.8899529041638528
RC03618,1e-06
EX18126,1e-06
RC03617,2.5685025301977498
RM03905,0.0035986431942068714
RC04480,2.568502530197848
TCE0447,1e-06
RC04559,0.07576855523533285
TCE5123,2.568502530197974
RC02670,0.0013131178997299125
TCE5121,0.014649253974512432
TCE5120,0.014375946997376115
RC02678,0.0026262357994598245
RC03104,0.008633244506083937
RC03105,1000.0
RC03106,1000.0
RM02164,1.90568264490296
RC04734,0.014882878163284404
EX03793,0.007871337013692237
RC00251,2.568502530201549
RC00253,2.568502530198358
RC00257,0.8599664386899166
RC00256,2.579899316069688
TCM5013,0.2027765155419777
TCM5012,0.0017870188641916725
TCM5011,0.00885565344201279
TCM5010,0.008855653442012792
TCM5015,0.13759834983205435
TCM5014,0.1712335020132245
TCE0576,0.002570223346866175
TCM5018,0.00011030000000000004
RM02566,0.04711938123148416
RM02565,0.04711938123148444
RM01859,1.9518461452755076
RM00585,0.16053140813739983
RC00032,1e-06
RC01030,0.8576814642872536
RC01036,1000.0
RC04025,0.42907994651723136
TCM1039,2.0000000000000005e-05
RC03858,0.15596270221948483
TCM1031,2.6863533464265186
TCM1033,0.007573851998319214
TCM1035,1e-06
TCM1034,0.01420195037113206
TCM1037,1000.0
RCC0180,0.5334433821277236
RCC0181,2.0000000000000005e-05
RCC0185,0.0045766670876789236
RC01724,2.568502530163392
RCC0165,0.13285357914817397
RCC0166,0.15596270221830208
RC00102,1000.0
RCC0162,0.008633244506083932
RCC0163,999.9999999999999
EX00219,0.011834565165483334
RCC0168,0.12692993512595105
TCM1104,1e-06
TCM1101,1.9263768976577296
TCM1102,1e-06
RC01483,0.06901898809086035
TCM1109,1000.0
RC10065,0.04846231188879265
TCE5359,1e-06
EX00014,0.30307422094000447
EX00853,2.0000000000000005e-05
TCM0187,1e-06
RC08734,1e-06
RC08735,1e-06
RC01616,0.0075738519982393076
RC08733,1e-06
TCE5355,0.0024099506500189364
EX00011,0.9754749455984995
TCM0188,1e-06
TCM0189,1e-06
RC00748,0.5287385049348361
EX00459,0.03480047390037769
EX00329,0.0016662
EX00328,0.0026262357994585686
EX00455,1e-06
EX00544,0.0075738519984559095
EX00322,0.010497572813152075
TCE5351,0.07020095597280963
TCM0094,0.004663324208658412
RC01290,0.00935734510430908
TCM0095,0.39496768053020825
TCM0097,1e-06
EX00019,0.009357345104309025
TCM0158,0.002626235799459826
RC06983,1000.0
RC06982,0.36692893288490924
TCM0093,1e-06
EX00018,6.000000000000002e-05
TCM0072,503.8712732896152
TCM0073,1000.0
TCM0070,1e-06
TCM0076,1000.0
TCM0077,2.5666497150901635
TCM0075,0.017266489012340045
RC09511,0.23364719147958726
RC09510,0.23364719147816057
TCM0078,1e-06
TCM0079,1e-06
RC01500,2.568502530133614
EX00506,0.017266489012165837
EX00033,0.1865096702699403
EX00032,7.086526226053221e-06
EX00031,0.0548679129254306
EX00037,0.21780070754938563
EX00526,0.042329526637352094
TCE0706,0.09654618225807822
TCE0707,2.5685025301440603
TCE0709,1e-06
RC04903,0.002626235799460226
RM00115,0.7764725942108607
RM00112,1e-06
EX00147,0.08878562049003824
TCE1148,2.5685025301278164
EX01328,1e-06
EX00141,0.01420195037113101
EX00140,0.042188146843554576
TCE1143,5.137005060338733
EX00149,0.11675011500715261
EX00148,0.06490284905125117
TCE5398,0.009826634724552018
TCE5399,0.009768985141384754
EX05512,0.04850910142555468
TCE5390,0.011609309899233535
TCE5391,0.015804534700869403
TCE5392,0.011834565165934893
TCE5393,0.011834565165935113
TCE5394,0.01183456516593508
TCE5395,0.013853886620784782
TCE5396,0.013863861770524344
TCE5397,0.017266489012167867
RC05985,0.004649011083658479
RC05982,0.005290595478628411
RC05983,0.005165793681003145
RC05980,0.005290595478628412
RC05981,0.005290595478628411
RC05988,0.004649011083658361
RC05989,0.00459645782322485
RC02088,0.7177859527708799
RC02082,0.05198011336091259
RC02080,0.007573851998319217
RM01220,1000.0
RC02719,2.5893033761993403
EX01921,1e-06
RC02245,0.0519801133606244
RC02240,2.573044392860009
RC02241,2.575780641711352
RC07760,0.605275184019689
RC07761,0.6052751840201527
RC03599,0.7705367590595251
RC02061,2.1522456289898357e-05
RM00935,0.3353890849328202
RC03596,2e-05
RC03595,2.0000000000000005e-05
TCE5380,1e-06
RMC0184,3.765988724408337
RMC0187,7.705507590525891
RMC0182,0.004576667087702254
RMC0183,3.7659887244239556
RC03445,0.0026262357994598262
RM01082,1000.0
RM00842,1000.0
TCE0521,0.007573851998298795
TCE5004,1.2842612650928051
TCE5005,1.28426126509143
TCE5006,2.5685154436463207
TCE5007,0.0965227370671217
RC00801,1e-06
RM02199,0.008847538202003636
TCE0457,800.3141836405033
RM04433,1.9729247322444696
RM04432,0.5268414307045322
RC07296,1e-06
RC02665,0.002626235799459826
RC07299,1.2842512651083602
RC02668,0.002626235799459825
RC01687,0.017266489012167867
RM00667,0.42019976138331727
TCE1122,0.07817876715331892
EX04230,0.009444647499901475
TCE0559,1e-06
TCE0558,1e-06
TCE1127,1000.0
RC04231,2.000000000000001e-05
RC04230,2.0000000000000005e-05
RC00100,1000.0
RC08223,2e-05
RC08224,2.0000000000000005e-05
RC00103,2.5685025301824767
TCM5001,0.14818283828069403
TCM5002,0.17675772918174876
TCM5003,0.1567958022199382
TCM5004,0.2044937391499169
TCM5005,2.000000000000001e-05
TCM5006,2.0000000000000012e-05
TCM5007,0.09652273706698687
TCM5008,0.7705767590515399
TCM5009,0.11391750288156803
RC00936,1000.0
DMN0082,0.0045766670876474635
DMN0083,0.004596457822974849
DMN0080,0.008855653442012792
DMN0086,2.000000000000001e-05
DMN0084,0.02588476538829977
DMN0085,0.02432073122555011
RC00028,1e-06
EX00214,0.035716275846243165
TCM1027,1e-06
EX00350,0.006151861789268919
RC01998,0.2676200355812405
RC01993,0.42808375503329793
RCC0005,3.5685025302298654
RC00200,2.568502530189868
RC01752,0.6450326215160671
RC01975,1.100786798661096
RM03026,0.18338917886389194
RC01759,1000.0
RC01758,1000.0000000000002
RC01978,2.568502530162982
RCC0151,0.8561675100679418
RCC0150,2.568502530216712
RCC0153,1.9263768976330267
RCC0152,2.568502530200949
RCC0157,0.04856449357216823
RCC0156,0.007573851998319217
RCC0159,0.007871337013692246
RC00115,0.39938955691841593
RCC0083,0.13285357914783494
RCC0082,2.5685025301970423
RCC0081,2.568502530193345
RCC0080,1.2842512650966695
RCC0087,0.12735937426148747
RCC0086,0.12692993512994502
RCC0085,0.12692993513035972
RCC0084,0.15596270221988437
RCC0089,0.09512972333991822
RCC0088,0.09007430460461106
RM03158,0.5268414307053327
RC01372,0.004682790365505364
RC01375,0.08696289829481582
RC01378,0.004682790365505361
EX00334,0.08111060621608208
RC00751,1000.0
EX00440,1.999999999998003e-05
EXC0060,0.00026031049520000007
RC00754,0.127889655829833
EXC0065,0.0135796
RC04826,1e-06
RC04824,1e-06
EXC0001,0.01385388662099148
RC04823,1e-06
RC02294,0.8599664386907868
EX00534,2.000000000000001e-05
EX00535,1e-06
EX00532,0.05871764658729118
TCM0089,0.013173780104270815
TCM0088,1e-06
TCM0087,1e-06
RC01570,0.3257324357208649
TCM0083,1000.0
TCM0082,1e-06
TCM0081,1000.0
TCM0080,1e-06
EX00020,0.048073985682728325
EX00021,0.009357345104309033
EX00022,0.14107497001402106
EX00025,0.0802657040682998
EX00026,0.08959892547209296
EX00027,0.7987791138369973
TCE0739,1e-06
RC12124,2.5685025301901856
TCE0597,1e-06
TCE0732,0.04804277393938333
TCE1156,1e-06
TCE1157,0.034800473901464485
TCE1154,0.07943822258354502
RC01402,0.04234678775714721
TCE1150,1e-06
RM00127,2.0269335525107564
TCE1159,0.10702093875837072
RC08969,2.5692836197514386
EX00157,0.005622392079947661
EX00152,0.10791235519191178
EX00153,1e-06
EX00158,0.07943822258365227
EX00159,0.020968158500945046
TCE0785,1000.0
EX05852,0.004682790365505365
TCE0536,1e-06
EX01161,0.007573851998319218
TCE0600,0.0008754119331532751
TCE0603,0.04978712722420044
TCE0602,1000.0
TCE0605,0.049469677691407796
TCM0184,1e-06
TCE0757,0.0431708297316307
TCM0185,1e-06
TCM0183,1000.0
RC02051,2.579860224568588
RC02053,2.5685025301920166
RC07759,0.6052751840176825
RC07758,0.6052751840160844
RC02057,1.2786958741565027
RM00943,998.013241490796
RC02058,1000.0
TCM0181,1000.0
RM00945,1000.0
TCE0752,0.04711938123148511
RM01090,0.014392449617784409
TCE5035,0.10409846108031584
TCE0514,0.11298328874077995
TCE5036,666.9284863671177
TCE5031,0.04817328828505266
RC02186,0.005290595478573083
TCE0513,0.009691494375200001
EX00268,0.04486531683396375
TCE5038,1e-06
RC03454,0.26570715829295327
RC03455,0.26570715829188246
RM04738,0.1481828382763318
RM04739,0.1767577291822944
RC02478,1e-06
RM04737,0.14818283828097809
RM07273,0.004576667087651066
RC05623,2.0000000000000012e-05
TCE5101,0.00879977332584453
RC03057,0.011834565165723697
TCE5103,0.00975182193689852
RC03055,0.3257324357171508
TCE5105,1.284251265095241
TCE5104,0.04779658568261989
TCE5107,3.8527537952623185
TCE5106,1.2842512650915063
RC02697,1000.0
TCE5108,0.007573851998214834
RC02695,1000.0
RM02765,1.0512724341166975
RC03058,0.011834565165639438
RC00233,2.568502530145772
RC00235,2.5685025301602726
RC00238,501.3062936637495
EXC0013,2.000000000000001e-05
RC07933,0.06152608206973777
EX00320,0.008633244506083932
RC08218,2.0000000000000005e-05
RC04591,0.07576855523596067
EX00288,0.9754749455997399
RM03815,2.2339488771538076
RM05066,0.01420195037113206
RM05064,0.014201950371132064
RC03634,1e-06
TCM5034,1.9263768976266913
TCM5037,1.9999999999975848e-05
RC00905,0.4491633104351417
TCM5030,1000.0
TCM5032,0.004576667087603159
EX04317,0.009206097868636251
DMN0078,1e-06
DMN0077,0.052669539852313485
DMN0075,0.002356569176622547
DMN0073,2e-05
DMN0072,0.5334433821246466
RC00582,2.245365789658021
TCM1053,1e-06
TCM1051,0.0008538830553625852
TCM1055,0.29705534758657737
TCM1054,0.0017012741554742023
TCM1059,1e-06
TCM1058,0.0019531238312396873
RC00342,1000.0
RC01987,0.42907994650615616
EX04227,0.007573851998323068
RC01960,0.002626235799459825
RC01961,0.0016662
RM03038,0.010679934677353122
RM03035,2.0000000000000005e-05
RC01968,0.7176000165954508
RC01969,0.7176000165946081
EX11061,1e-06
RC00699,0.004682790365505361
RC00698,0.004682790365505366
RC01186,0.6421256325458766
RC01187,0.2915675789173716
RCC0148,0.008439677857711143
RCC0149,0.001787189825745851
RCC0147,0.001141893358137906
RCC0144,1e-06
RCC0145,0.17123350201063373
RCC0142,0.0006250000000000002
RCC0143,0.0006250000000000002
RCC0140,0.2657071582882343
RCC0141,0.26570715829031405
RM00432,2.100681804392378
RCC0090,0.07824636561437813
RCC0091,0.06475216462556184
RCC0092,0.06475216462542678
RCC0093,0.050694128884380164
RCC0094,0.05069412888415939
RCC0095,0.04756486166908783
RCC0096,0.04586611661053259
RCC0097,0.04586611661024094
RCC0098,0.043289368486070116
RCC0099,0.04586611660999861
RC00765,2.5816771440162998
RC08759,1e-06
RC01364,0.007573851998315149
RC00768,2.579899316061641
TCE0504,8.93e-05
EX00301,1e-06
EXC0072,0.03543263113026611
RM00549,0.0004389
TCM1279,0.10349224781386836
TCM1278,1000.0000000000011
TCM1277,1.939780837641985
TCM1276,1000.0
TCM1275,1.194168637018592
TCM1274,0.4201997613796619
EX00942,0.04978712722333975
EX00940,0.08696289829138788
RCC0116,0.13060182356806987
RCC0111,0.0631598982821812
RM01875,0.7764725942260243
RC01569,2.5705599037222933
EX00016,0.0004389000000000002
TCM0098,1e-06
TCM0099,1000.0
EX00012,1e-06
RC01560,1.3098650199070971
RC01561,2.582466776448022
TCM0096,1e-06
RCC0112,0.05003576357456747
TCM0090,1e-06
TCM0091,1e-06
TCM0092,1e-06
RC01567,2.5685025301130726
EX00785,0.002409950650018936
EX00780,0.0026262357994598254
RC01931,1000.0
RC02466,0.01726648901216787
EX00130,0.04925574139785165
TCE0729,0.011660527442638416
RM00130,2.000000000000001e-05
RM04125,2.233948877175826
TCE0723,1e-06
EX02946,0.051835161324133884
TCE0726,1000.0
RM00138,2.0000000000000005e-05
RC01415,0.32573243571512955
TCE1121,0.0895989254705615
RC01410,0.30307422094005165
TCE1124,0.05124716827437426
EX00160,1e-06
EX00163,0.10409846107820886
EX00162,0.013863861769948834
EX00164,0.09654618225636229
EX00167,0.025884765387440663
RM02619,0.017266489012167867
TCM1072,1e-06
TCE0797,1e-06
TCE0615,1e-06
TCE0612,1e-06
TCE0611,666.6666666666666
TCE0618,0.0722821303796811
TCE0619,0.08989247735260747
RC02266,0.011660527442906568
RC02265,0.011660527442906708
RC02269,0.44916331044221214
EX01762,0.05204622340449942
RM10092,1.9729570344369922
RC02519,0.007573851998319213
RC07034,0.011834565165935214
EX02415,1e-06
RC04452,0.2657071582963297
RC02869,0.021173393878630133
EX00523,1e-06
EX11499,0.017266489012167912
TCE5022,0.04768584631930252
TCE5023,2.5685025301978754
TCE5020,2.568502530197865
TCE5021,0.08026570406868287
TCE0507,0.3030742209413315
TCE5024,1e-06
EX02094,1e-06
TCE0508,0.014201950371132074
RC02464,0.513700506039569
RM01393,0.16053140813736436
TCE0464,0.002409950650018937
RC07109,0.011660527442906736
RC03482,0.00522659668303452
RC03336,0.00757385199831921
RC03332,1.2842512650989486
RC07324,0.2915675789228419
RC03020,2.5685025301978768
RM01175,0.17819204396643373
RM01177,0.17819204396643804
TCE5119,0.014375946997376262
TCE5116,0.012115577972631386
TCE5117,0.013149330359374845
TCE5114,2.5685025301979647
RC02687,2.56850253019768
TCE5112,2.5685025301978452
TCE5113,2.568502530197849
TCE5111,2.568502530197745
RC00220,1.2842512650989197
RM01608,0.5268414307044145
EX02630,0.08026570406868218
RC09371,2e-05
RC03936,0.0026262357994598254
TCM5029,1.9263768976484434
RM03665,0.007170269104763746
TCM5027,0.0972908265499828
DMN0068,0.011660527442906635
RC09086,2.5794408031640734
RCC0229,0.013149330359374685
RCC0228,0.01783682312637416
RCC0227,0.014649253974512874
RCC0226,0.014649253974512293
DMN0066,0.011660527442906559
DMN0067,0.011660527442906717
DMN0060,0.006334011644597639
DMN0061,0.006349149176565082
DMN0062,0.011535191003882958
DMN0063,0.011660527442906627
TCM1042,1e-06
RC04674,1e-06
TCE7666,1e-06
RC00359,1e-06
TCM1047,1000.0
RM00734,1000.0
RC00355,1000.0
RC00352,1.9263768977381166
RC08379,1000.0
EX00256,0.10622994781503982
EX01060,1e-06
TCM5111,2.5685025301632085
TCE0573,0.042329526638367684
RM02396,1000.0000000000002
RC01951,1e-06
TCE0694,1e-06
RC00685,0.0026262357994598245
TCE5118,0.013149330358373512
RC01956,0.0026262357994768317
RC01959,0.0026262357994598254
TCE5502,1000.0
RM03045,0.5268414307033014
RC00178,0.04234678775755046
RCC0139,1000.0000000000001
RCC0138,1000.0
RCC0131,0.4280837550301244
RCC0130,0.002570223346866177
RCC0137,1000.0
RCC0136,0.005290595478565964
RC00177,1.2974072233316603
RC00127,504.31860233601657
TCE5115,0.01783682312639108
RC03346,2.5685025301433413
RC10059,1e-06
EX00376,1e-06
RC06517,2.5692836195771926
RC06518,2.568502530138078
RC06519,0.01045609115193445
RCC0046,10.279441960412234
RCC0045,12.84930245073037
RCC0044,12.849302450730367
RCC0043,25.685025301460737
RCC0042,8.006182158472772e-05
RCC0041,0.00018630891127271285
RCC0040,0.00015770429928904314
RC08767,0.007573851998294903
RC08766,0.007573851998319215
RC08761,1e-06
RC01315,2.5685025301044293
RC00575,0.3685570451432322
RC00570,2.570378168562178
RC00571,1.2889947840498177
TCM1048,1e-06
RC00573,0.8631287846567164
RC01083,2.5685025300979603
RC01082,1000.0
RC00578,1.2899496580282506
TCM5056,0.050035763572876014
EX00143,2.000000020089548e-05
DMN1005,1e-06
DMN1004,0.04846231188899945
DMN1007,0.04939427942493079
DMN1006,0.005226596682885604
DMN1001,1e-06
EX00954,0.0026262357994561963
TCM5053,0.0811106062154655
EX00956,1e-06
EX00483,0.007573851998319212
TCM5052,0.045866116609216905
RC01227,2.568502530162814
RC00161,2.5685025301338316
RC01224,1000.0
RC01220,1000.0
TCM5050,0.06315989828258685
TCE5094,0.007573851998321656
EX01326,0.30307422093966363
RC01229,2.5708148519633096
RM00472,2.051606372932617
EX00002,0.04738258114569922
RC01795,0.004682790365505363
RC01794,0.2702709180346421
RC01793,0.2702709180257185
EX00007,1.4648369300986421
EX00559,0.04804277393841508
EX00009,0.17852219211468082
RC01799,1.2847135448871316
EX00794,0.05124716827382084
TCM0222,1000.0
TCM0221,1e-06
TCM0220,1e-06
TCM0224,1.1007867986235391
RM04138,0.010286614105372887
TCE1130,1e-06
TCE1132,2.568502530121777
TCE1133,0.04738258114773793
RM00383,1.9263768976195093
TCM1085,1000.0
TCM0137,1e-06
TCM0135,0.019762252908312024
TCM0134,1e-06
TCM0132,0.012788427148899675
TCM0131,1e-06
TCM0130,1e-06
TCM0139,1000.0
RMC0089,0.10274010120472647
RMC0088,0.1139175028786904
RMC0087,0.127359374257578
TCE0662,1000.0
TCE0660,0.10702093875920111
EX05519,0.09065303047731964
EX01194,0.005776104358700388
EX05684,2.000000000000001e-05
EX01755,0.017266489012167877
EX01205,0.07228213037968222
RC02529,0.3604163027807529
RC02038,1.2805135366298535
RC02521,0.007573851998319213
RC02030,0.00016880993734376068
RC02037,0.05123096679754015
RC02035,0.7902621460566223
EX01996,0.03496641865141039
TCE5099,2.5685025301978452
TCE5098,1e-06
EX06341,1e-06
TCE5349,0.0026262357994598262
TCE5348,0.11261440670881567
TCE5347,0.010497572813152068
RC02326,0.00023677200402434192
TCE5345,0.0026262357994598262
TCE5344,0.007573851998319214
RC02323,0.8599664386897077
TCE5342,0.1306018235693848
TCE5341,0.002626235799459825
TCE5340,0.007573851998319213
RC02147,2.5685025301978808
RC07641,0.4280837550329685
RC02142,2.5685025301977777
TCE0450,4.000000000000002e-05
RC03321,1000.0
TCE5307,1e-06
EX03917,1e-06
TCE5304,2.56850253020035
EX03284,0.0722821303797475
RC03038,0.04623482479810782
TCE0401,1e-06
RM01616,0.007573851998319218
RC04208,0.07576855523547628
RC04209,0.07576855523533337
RC00963,2.5779895681898095
RC00961,1000.0000000000001
RC04073,0.5334433821278158
RC00965,0.42808375503338897
RC00964,2.568502530195325
RC04866,0.23364719148429205
RC04867,1e-06
DMN0064,0.011834565165923955
RM01923,0.1481828382805
RM02016,0.3993895569194702
DMN0059,0.017266489012167877
DMN0058,2.0000000000000012e-05
TCM1287,4.753537910491294
RC01639,0.7902621460511053
RCC0234,0.014649253974542772
DMN0055,0.005750377706007349
DMN0054,0.005763212321930909
RCC0232,0.014375946997441592
RCC0233,0.012115577972684173
RC00369,1000.0
RC04666,0.3257324357197735
TCM1078,0.2970553475899362
RC03814,0.07051799809467688
TCM1075,0.0033979657543006633
TCM1077,1000.0
TCM1076,1e-06
RM00705,0.5479209861143096
TCM1070,0.0033801128773605004
RC05795,1.2842512650988684
RM00706,0.547920986113918
TCM1043,1000.0
TCM1044,0.00043890000000000004
TCM1045,1000.0
TCM1285,2.332344515696351
RC01768,1.3194571548910148
RC01769,0.4947964330774084
TCM5059,1000.0
TCE0735,0.017266489012168096
TCE9072,1e-06
RCC0128,2.5704154074872356
RCC0129,2.5685025302002478
TCE0743,0.0473825811473682
RC01168,0.002409950650018937
RM00410,501.2951994016317
RCC0120,0.0017870188641916727
RCC0121,0.20277651554228748
RCC0122,0.17123350201451534
RC01167,0.002409950650018936
RCC0124,0.1977259739335268
RCC0125,0.19757711770905118
RCC0126,0.5927313531270586
RCC0127,0.2407971122078564
RC01890,2.5726632940496468
RC01896,0.7902621460579381
EX11135,1e-06
SNK0029,1e-06
SNK0028,1e-06
RC06521,2.5685025301848783
RC06520,2.5685025302076268
RC06522,2.568502530205591
EXC0052,0.051812828278670925
RCC0055,0.0008331
RCC0056,0.17692621179407653
EXC0051,0.07104418523318258
RCC0050,1e-06
RCC0051,1000.0
EXC0054,0.0027376999999999996
RCC0053,0.7902621460547885
RC01301,0.007573851998319267
EXC0058,0.008837068219752954
EXC0059,0.0023231154692000006
RCC0058,0.15679580221950637
RC00782,0.7764725942305788
RC00549,2.5685025302256768
RC00548,2.568779930211675
RC01092,2.568502530211917
RC01093,1000.0
RC01095,1000.0
TCM1096,999.9999999999999
TCM1095,1e-06
TCM1091,0.013730001263167787
TCM1098,0.008847538202007189
RC01234,2.5685025299203996
RC06238,0.00529059547865738
RC01230,2.5685025302150066
RC01231,1.2899496580321541
RM08761,1e-06
RM08767,0.00757385199831123
RM08766,0.007573851998319214
RC01786,2.579440803170665
RC01787,2.5794408031489287
EX00565,2.000000000000001e-05
EX00818,0.06901898809342423
EX00811,0.007573851998317718
EX00584,0.011660527442944671
EX00583,0.08375551728902374
EX05688,2e-05
EX00588,0.04248968247119605
EXC0203,0.008799773325926205
EXC0202,0.0067870987935551
EXC0201,0.005886922836421252
EXC0207,0.009826634724548079
EX01697,0.0510298515934594
EXC0208,0.0098092685324185
RC10951,0.8561675100698041
EX06424,0.018929974268207573
RC01431,0.06345294066889932
TCM0124,1e-06
TCM0125,1000.0
TCM0126,1e-06
TCM0127,1e-06
TCM0121,1000.0
EX00101,2.000000000000584e-05
TCM0128,1000.0
TCM0129,1e-06
RC01818,0.0523374571193993
RMC0098,0.05003576357508853
RMC0099,0.045866116610694084
RCC0033,1.4348304193278563e-05
RMC0092,0.08111060621696041
RMC0093,0.06315989828368522
RMC0090,0.10328520261260762
RMC0091,0.0811106062168125
RMC0096,0.05583701152666434
RMC0097,0.05583701152608772
RMC0094,0.0631598982836078
RMC0095,0.0558370115261056
TCE0670,0.08765322090621244
TCE0673,0.008633244506083933
TCE0674,0.14107497001422273
TCE5008,2.000000000000001e-05
RM04096,0.010286614105372887
RCC0034,7.174152096629244e-06
EX01185,0.0026262357994599173
EX01181,0.007871337013692253
TCE1211,0.10791235519266872
EX01211,1e-06
RM00081,1.00257080405485
RC02029,0.006196011639854166
RM01282,1.8829943622106873
RC02024,0.5680219235919227
RC04361,0.24270998949077927
TCE5417,1000.0
TCE5416,0.07228213037968306
TCE5414,0.05204622340449967
TCE5413,0.018929974267997283
TCE5412,0.035716275846318125
TCE5358,0.008847538202003636
RC07168,1000.0
TCE5354,0.007573851998319213
RC02335,2.572243266840853
TCE5356,0.0026262357994598262
TCE5357,0.10234100744250853
TCE5350,0.007871337013692246
RC02331,2.568502530195358
TCE5352,0.051835161324155596
TCE5353,0.12464955615169537
EX02505,0.004682790365505361
RC08174,0.01594678641956078
RC08177,0.013554117369522526
RC03315,2.568502530205297
RM02480,7.174152096636632e-06
RM02488,0.010497572813152075
TCE1158,1e-06
RMC0074,0.017266489012167853
RMC0075,0.39938955691910655
RMC0077,0.017266489012167877
RC00174,6.000000000000003e-05
EX02188,1e-06
RC02531,0.08375551728903274
RC03005,2.5685025301976068
RC03004,2.5685025301952717
RCC0134,1.1007867986551065
RC03552,1000.0
TCE0416,1e-06
TCE0417,0.017266489012167867
RC03956,0.01726648901216787
RC03954,0.0026262357994598254
RC09319,8.006132067247908e-05
RC03778,0.12692993513017675
EX00111,0.10702093875825018
EX00504,1.999999990535625e-05
RM03534,1.1007867986540922
RC00978,0.4491633104367628
RM01025,0.04711938123145654
RM05052,0.2970553475883921
RM05051,0.2970553475885965
RM00716,0.007871337013692243
RM00713,0.5334433821276507
RM00710,7.705507590588915
RM00711,7.705507590592093
RCC0200,0.01783682312636927
EX03479,1e-06
RCC0207,0.014649253974470434
RCC0206,0.014649253974557302
TCM1069,1000.0
TCM1062,0.16053140813540065
TCM1063,0.002626235799459825
TCM1061,0.0026262357994598254
TCM1067,0.013730001263047171
RC04300,0.0075738519983122735
RM03991,0.14818283828167417
RM03990,1.8885185893784282
RC04780,2.5685025301964806
RCC0115,0.17675772918197796
RCC0114,0.05583701152601686
RCC0117,0.11391750288167725
RC01938,0.002626235799459826
RC00156,25.69720697102247
RCC0110,0.08111060621672739
RCC0113,0.055837011525891704
RC00155,2.5685025301972453
RC00158,2.5735450214054505
RCC0119,0.008855653442012792
RCC0118,0.008855653442012794
RM00405,501.7139035449481
RM01975,0.1833891788616491
RC01154,0.42907994651647235
DMN0046,1.9999999890992093e-05
DMN0047,1.9999999971826842e-05
DMN0044,2.0024117507895392e-05
DMN0042,0.0013131178997299125
DMN0043,0.002626235799459826
DMN0040,0.0026262357994598254
DMN0041,0.0026262357994598254
RM03663,0.00476089447728325
RM03662,0.004373954850339538
RM03661,0.004127928840313888
RM03660,0.003397965754300664
DMN0048,0.0448653168341181
RM03664,0.0008538829715335665
RC01334,1e-06
RC01844,0.04768584631919847
RC01843,2.622721547556592
SNK0036,1e-06
RCC0061,0.08936955374530377
RCC0060,0.010456091152028977
RCC0063,0.061526082068222646
RCC0062,0.061526082068271336
RCC0065,0.060281772588493855
RCC0064,0.07051799809461241
RCC0067,0.05402968192322375
RCC0066,0.06152608206846651
RCC0069,0.11331628809697065
RCC0068,0.05402968192329906
RC10092,1000.0
RC00554,0.011706076183974684
RC00551,0.011706076183974679
SNK0101,1e-06
SNK0102,0.011706076183974679
TCM1080,0.00043890000000000004
TCM1082,1000.0
RC05803,2.568502530191187
TCM1089,1000.0
TCE0453,0.043234971057831195
RC01201,2.574365059235842
RC01206,2.5685025302003943
RM08770,0.004576667087705278
RM08771,0.004576667087636719
RM08772,0.004576667087636718
RM08773,0.004576667087636719
RM08774,0.0045766670876367195
RM08775,0.0045766670876367195
TCM0204,1e-06
TCM0207,1000.0
TCM0206,1000.0
TCM0201,1000.0
TCM0200,1e-06
TCE2001,1e-06
TCE2000,1.2842512651037246
TCE2003,1e-06
TCE2005,1.2842512650694258
EX00314,2.0000000000000005e-05
TCE0459,500.00000000000006
RC01318,2.5683484958039275
EX00777,1e-06
EX04677,0.05292372214034146
EX00311,0.07943822258244145
EXC0210,0.009751821936917215
EXC0211,0.009768985141341627
EXC0213,0.0060681997911347
EXC0214,0.005464613878098782
EXC0216,1e-06
RM00161,0.0004389
RC01310,1.2865221964091784
RM00369,1000.0
TCE1117,0.11675011500563981
TCM0111,1000.0
TCM0110,1000.0
TCM0113,1e-06
TCM0115,1e-06
TCM0114,1000.0
TCM0117,0.020466990373768076
TCM0116,1e-06
TCM0119,1e-06
TCM0118,1000.0
EX00114,0.04317082973121035
EX00116,0.08795899384366015
EX00979,2.000000000000001e-05
RC00678,0.002626235799459825
TCE0648,0.05486791292660214
TCE0644,0.08145538002883766
TCE1206,0.05378494049968545
TCE1204,0.16053140813075353
RC02239,2.5685025301563975
RC02235,1000.0
RC02236,1000.0
TCE1208,0.011706076183974679
TCM0317,1e-06
RC04886,0.007573851998283502
TCM0316,1e-06
